Id,Name,EventApi__Navigation_Label__c,EventApi__Page_Name__c
a254W000002JWx2QAG,EP-00299,Overview,Overview
a254W000002JWx3QAG,EP-00300,Agenda,Agenda
a254W000002JWx4QAG,EP-00301,Venues,Venues
a254W000002JWx5QAG,EP-00302,Speakers,Speakers
a254W000002JWx6QAG,EP-00303,Sponsors,Sponsors
a254W000002JWx7QAG,EP-00304,Overview,Overview
a254W000002JWx8QAG,EP-00305,Agenda,Agenda
a254W000002JWx9QAG,EP-00306,Venues,Venues
a254W000002JWxAQAW,EP-00307,Speakers,Speakers
a254W000002JWxBQAW,EP-00308,Sponsors,Sponsors
a254W000002JWxCQAW,EP-00309,Overview,Overview
a254W000002JWxDQAW,EP-00310,Agenda,Agenda
a254W000002JWxEQAW,EP-00311,Venues,Venues
a254W000002JWxFQAW,EP-00312,Speakers,Speakers
a254W000002JWxGQAW,EP-00313,Sponsors,Sponsors
a254W000002JWtpQAG,EP-00321,Overview,Overview
a254W000002JWtqQAG,EP-00322,Agenda,Agenda
a254W000002JWtrQAG,EP-00323,Venues,Venues
a254W000002JWtsQAG,EP-00324,Speakers,Speakers
a254W000002JWttQAG,EP-00325,Sponsors,Sponsors
a254W000002JWx1QAG,EP-00327,Overview,Overview
a254W000002JWtuQAG,EP-00358,Overview,Overview
a254W000002JWtvQAG,EP-00359,Agenda,Agenda
a254W000002JWtwQAG,EP-00360,Venues,Venues
a254W000002JWtxQAG,EP-00361,Speakers,Speakers
a254W000002JWtyQAG,EP-00362,Sponsors,Sponsors
a254W000002JWtzQAG,EP-00363,Booths,Booths
a254W000002JWu2QAG,EP-00650,Overview,Overview
a254W000002JWu3QAG,EP-00651,Agenda,Agenda
a254W000002JWu4QAG,EP-00652,Venues,Venues
a254W000002JWu5QAG,EP-00653,Speakers,Speakers
a254W000002JWu6QAG,EP-00654,Sponsors,Sponsors
a254W000002JWwtQAG,EP-00655,Overview,Overview
a254W000002JWu7QAG,EP-00656,Overview,Overview
a254W000002JWu8QAG,EP-00657,Agenda,Agenda
a254W000002JWu9QAG,EP-00658,Venues,Venues
a254W000002JWuAQAW,EP-00659,Speakers,Speakers
a254W000002JWuBQAW,EP-00660,Sponsors,Sponsors
a254W000002JWwuQAG,EP-00661,Overview,Overview
a254W000002JWuCQAW,EP-00662,Overview,Overview
a254W000002JWuDQAW,EP-00663,Agenda,Agenda
a254W000002JWuEQAW,EP-00664,Venues,Venues
a254W000002JWuFQAW,EP-00665,Speakers,Speakers
a254W000002JWuGQAW,EP-00666,Sponsors,Sponsors
a254W000002JWwvQAG,EP-00667,Overview,Overview
a254W000002JWuHQAW,EP-00668,Overview,Overview
a254W000002JWuIQAW,EP-00669,Agenda,Agenda
a254W000002JWuJQAW,EP-00670,Venues,Venues
a254W000002JWuKQAW,EP-00671,Speakers,Speakers
a254W000002JWuLQAW,EP-00672,Sponsors,Sponsors
a254W000002JWwwQAG,EP-00673,Overview,Overview
a254W000002JWuMQAW,EP-00710,Overview,Overview
a254W000002JWuNQAW,EP-00711,Agenda,Agenda
a254W000002JWuOQAW,EP-00712,Venues,Venues
a254W000002JWuPQAW,EP-00713,Speakers,Speakers
a254W000002JWuQQAW,EP-00714,Sponsors,Sponsors
a254W000002JWwxQAG,EP-00715,Overview,Overview
a254W000002JWuRQAW,EP-00716,Overview,Overview
a254W000002JWuSQAW,EP-00717,Agenda,Agenda
a254W000002JWuTQAW,EP-00718,Venues,Venues
a254W000002JWuUQAW,EP-00719,Speakers,Speakers
a254W000002JWuVQAW,EP-00720,Sponsors,Sponsors
a254W000002JWwyQAG,EP-00721,Overview,Overview
a254W000002JWuWQAW,EP-00722,Overview,Overview
a254W000002JWuXQAW,EP-00723,Agenda,Agenda
a254W000002JWuYQAW,EP-00724,Venues,Venues
a254W000002JWuZQAW,EP-00725,Speakers,Speakers
a254W000002JWuaQAG,EP-00726,Sponsors,Sponsors
a254W000002JWwzQAG,EP-00727,Overview,Overview
a254W000002JWubQAG,EP-00728,Overview,Overview
a254W000002JWucQAG,EP-00729,Agenda,Agenda
a254W000002JWudQAG,EP-00730,Venues,Venues
a254W000002JWueQAG,EP-00731,Speakers,Speakers
a254W000002JWufQAG,EP-00732,Sponsors,Sponsors
a254W000002JWx0QAG,EP-00733,Overview,Overview
a254W000002JWvqQAG,EP-00080,Overview,Overview
a254W000002JWvrQAG,EP-00081,Agenda,Agenda
a254W000002JWvsQAG,EP-00082,Venues,Venues
a254W000002JWvtQAG,EP-00083,Speakers,Speakers
a254W000002JWvuQAG,EP-00084,Sponsors,Sponsors
a254W000002JWvvQAG,EP-00085,Overview,Overview
a254W000002JWvwQAG,EP-00086,Agenda,Agenda
a254W000002JWvxQAG,EP-00087,Venues,Venues
a254W000002JWvyQAG,EP-00088,Speakers,Speakers
a254W000002JWw4QAG,EP-00089,Sponsors,Sponsors
a254W000002JWvzQAG,EP-00090,Overview,Overview
a254W000002JWw0QAG,EP-00091,Agenda,Agenda
a254W000002JWw1QAG,EP-00092,Venues,Venues
a254W000002JWw2QAG,EP-00093,Speakers,Speakers
a254W000002JWw3QAG,EP-00094,Sponsors,Sponsors
a254W000002JWw5QAG,EP-00095,Overview,Overview
a254W000002JWw6QAG,EP-00096,Agenda,Agenda
a254W000002JWw7QAG,EP-00097,Venues,Venues
a254W000002JWw8QAG,EP-00098,Speakers,Speakers
a254W000002JWw9QAG,EP-00099,Sponsors,Sponsors
a254W000002JWwAQAW,EP-00100,Overview,Overview
a254W000002JWwBQAW,EP-00101,Agenda,Agenda
a254W000002JWwCQAW,EP-00102,Venues,Venues
a254W000002JWwDQAW,EP-00103,Speakers,Speakers
a254W000002JWwEQAW,EP-00104,Sponsors,Sponsors
a254W000002JWwFQAW,EP-00105,Overview,Overview
a254W000002JWwGQAW,EP-00106,Agenda,Agenda
a254W000002JWwHQAW,EP-00107,Venues,Venues
a254W000002JWwIQAW,EP-00108,Speakers,Speakers
a254W000002JWwJQAW,EP-00109,Sponsors,Sponsors
a254W000002JWwKQAW,EP-00110,Overview,Overview
a254W000002JWwLQAW,EP-00111,Agenda,Agenda
a254W000002JWwMQAW,EP-00112,Venues,Venues
a254W000002JWwNQAW,EP-00113,Speakers,Speakers
a254W000002JWwOQAW,EP-00114,Sponsors,Sponsors
a254W000002JWwPQAW,EP-00115,Overview,Overview
a254W000002JWwQQAW,EP-00116,1-1 Meetings,1-1 Meetings
a254W000002JWwRQAW,EP-00117,Venues,Venues
a254W000002JWwSQAW,EP-00118,Speakers,Speakers
a254W000002JWwTQAW,EP-00119,Sponsors,Sponsors
a254W000002JWwUQAW,EP-00120,Overview,Overview
a254W000002JWwVQAW,EP-00121,Agenda,Agenda
a254W000002JWwWQAW,EP-00122,Venues,Venues
a254W000002JWwXQAW,EP-00123,Speakers,Speakers
a254W000002JWwYQAW,EP-00124,Sponsors,Sponsors
a254W000002JWwZQAW,EP-00125,Overview,Overview
a254W000002JWwaQAG,EP-00126,Agenda,Agenda
a254W000002JWwbQAG,EP-00127,Venues,Venues
a254W000002JWwcQAG,EP-00128,Speakers,Speakers
a254W000002JWwdQAG,EP-00129,Sponsors,Sponsors
a254W000002JWweQAG,EP-00130,Overview,Overview
a254W000002JWwfQAG,EP-00131,Agenda,Agenda
a254W000002JWwgQAG,EP-00132,Venues,Venues
a254W000002JWwhQAG,EP-00133,Speakers,Speakers
a254W000002JWwiQAG,EP-00134,Sponsors,Sponsors
a254W000002JWwjQAG,EP-00135,Overview,Overview
a254W000002JWwkQAG,EP-00136,Agenda,Agenda
a254W000002JWwlQAG,EP-00137,Venues,Venues
a254W000002JWwmQAG,EP-00138,Speakers,Speakers
a254W000002JWwnQAG,EP-00139,Sponsors,Sponsors
a254W000002JWvpQAG,EP-00140,Overview,Overview
a254W000002JWwoQAG,EP-00141,Agenda,Agenda
a254W000002JWwpQAG,EP-00142,Venues,Venues
a254W000002JWwqQAG,EP-00143,Speakers,Speakers
a254W000002JWwrQAG,EP-00144,Sponsors,Sponsors
a254W000002JWwsQAG,EP-00180,Booths,Booths
a254W000002JWugQAG,EP-00196,Overview,Overview
a254W000002JWuhQAG,EP-00197,Agenda,Agenda
a254W000002JWuiQAG,EP-00198,Venues,Venues
a254W000002JWujQAG,EP-00199,Speakers,Speakers
a254W000002JWukQAG,EP-00200,Sponsors,Sponsors
a254W000002JWulQAG,EP-00201,Booths,Booths
a254W000002JWumQAG,EP-00202,Overview,Overview
a254W000002JWunQAG,EP-00203,Agenda,Agenda
a254W000002JWuoQAG,EP-00204,Venues,Venues
a254W000002JWupQAG,EP-00205,Speakers,Speakers
a254W000002JWuqQAG,EP-00206,Sponsors,Sponsors
a254W000002JWurQAG,EP-00207,Overview,Overview
a254W000002JWusQAG,EP-00208,Agenda,Agenda
a254W000002JWutQAG,EP-00209,Venues,Venues
a254W000002JWuuQAG,EP-00210,Speakers,Speakers
a254W000002JWuvQAG,EP-00211,Sponsors,Sponsors
a254W000002JWuwQAG,EP-00212,Overview,Overview
a254W000002JWuxQAG,EP-00213,Agenda,Agenda
a254W000002JWuyQAG,EP-00214,Venues,Venues
a254W000002JWuzQAG,EP-00215,Speakers,Speakers
a254W000002JWv0QAG,EP-00216,Sponsors,Sponsors
a254W000002JWv1QAG,EP-00217,Overview,Overview
a254W000002JWv2QAG,EP-00218,Agenda,Agenda
a254W000002JWv3QAG,EP-00219,Venues,Venues
a254W000002JWv4QAG,EP-00220,Speakers,Speakers
a254W000002JWv5QAG,EP-00221,Sponsors,Sponsors
a254W000002JWv6QAG,EP-00222,Overview,Overview
a254W000002JWv7QAG,EP-00223,1-1 Meetings,1-1 Meetings
a254W000002JWv8QAG,EP-00224,Venues,Venues
a254W000002JWv9QAG,EP-00225,Speakers,Speakers
a254W000002JWvAQAW,EP-00226,Sponsors,Sponsors
a254W000002JWvBQAW,EP-00227,Overview,Overview
a254W000002JWvCQAW,EP-00228,Agenda,Agenda
a254W000002JWvDQAW,EP-00229,Venues,Venues
a254W000002JWvEQAW,EP-00230,Speakers,Speakers
a254W000002JWvFQAW,EP-00231,Sponsors,Sponsors
a254W000002JWvGQAW,EP-00232,Overview,Overview
a254W000002JWvHQAW,EP-00233,Agenda,Agenda
a254W000002JWvIQAW,EP-00234,Venues,Venues
a254W000002JWvJQAW,EP-00235,Speakers,Speakers
a254W000002JWvKQAW,EP-00236,Sponsors,Sponsors
a254W000002JWu0QAG,EP-00237,Overview,Overview
a254W000002JWvLQAW,EP-00238,Agenda,Agenda
a254W000002JWvMQAW,EP-00239,Venues,Venues
a254W000002JWvNQAW,EP-00240,Speakers,Speakers
a254W000002JWvOQAW,EP-00241,Sponsors,Sponsors
a254W000002JWvPQAW,EP-00242,Overview,Overview
a254W000002JWvQQAW,EP-00243,Agenda,Agenda
a254W000002JWvRQAW,EP-00244,Venues,Venues
a254W000002JWvSQAW,EP-00245,Speakers,Speakers
a254W000002JWvTQAW,EP-00246,Sponsors,Sponsors
a254W000002JWvUQAW,EP-00247,Overview,Overview
a254W000002JWvVQAW,EP-00248,Agenda,Agenda
a254W000002JWvWQAW,EP-00249,Venues,Venues
a254W000002JWvXQAW,EP-00250,Speakers,Speakers
a254W000002JWvYQAW,EP-00251,Sponsors,Sponsors
a254W000002JWvZQAW,EP-00252,Overview,Overview
a254W000002JWvaQAG,EP-00253,Agenda,Agenda
a254W000002JWvbQAG,EP-00254,Venues,Venues
a254W000002JWvcQAG,EP-00255,Speakers,Speakers
a254W000002JWvdQAG,EP-00256,Sponsors,Sponsors
a254W000002JWveQAG,EP-00257,Overview,Overview
a254W000002JWvfQAG,EP-00258,Agenda,Agenda
a254W000002JWvgQAG,EP-00259,Venues,Venues
a254W000002JWvhQAG,EP-00260,Speakers,Speakers
a254W000002JWviQAG,EP-00261,Sponsors,Sponsors
a254W000002JWvjQAG,EP-00262,Overview,Overview
a254W000002JWvkQAG,EP-00263,Agenda,Agenda
a254W000002JWvlQAG,EP-00264,Venues,Venues
a254W000002JWvmQAG,EP-00265,Speakers,Speakers
a254W000002JWvnQAG,EP-00266,Sponsors,Sponsors
a254W000002JWvoQAG,EP-00267,Booths,Booths
a254W000002JWu1QAG,EP-00268,Overview,Overview
