Id,Name,External_Id__c,OrderApi__Assigned_Contacts__c,OrderApi__Auto_Expire__c,OrderApi__Badge_Type__c,OrderApi__Item__c,OrderApi__Line_Account__c,OrderApi__Line_Contact__c,OrderApi__Type__c,OrderApi__Badge_Type__r.Id,OrderApi__Item__r.External_Id__c
a0l4W00000H3CXzQAN,Full Conference Pass - FON-Annual Conference Attendee Badge,1,false,false,a0k4W00000DtAGWQA3,a154W00000926QxQAI,false,true,Line Contact,a0k4W00000DtAGWQA3,294
a0l4W00000H3CY0QAN,Company Membership Badge Workflow,2,true,false,a0k4W00000DtAGVQA3,a154W00000926RWQAY,false,false,Assigned Contacts,a0k4W00000DtAGVQA3,186
a0l4W00000H3CY1QAN,National,3,false,false,a0k4W00000DtAGUQA3,a154W00000926QzQAI,false,true,Line Contact,a0k4W00000DtAGUQA3,96
a0l4W00000H3CY2QAN,VIP Registration - FON-Annual Conference Attendee Badge,4,false,false,a0k4W00000DtAGWQA3,a154W00000926RUQAY,false,true,Line Contact,a0k4W00000DtAGWQA3,539
a0l4W00000H3CY3QAN,Gold Annual Conference Sponsor Package Workflow,5,false,true,a0k4W00000DtAGXQA3,,true,false,Line Account,a0k4W00000DtAGXQA3,
a0l4W00000H3CY4QAN,Silver Annual Conference Sponsor Package Workflow,6,false,true,a0k4W00000DtAGXQA3,a154W00000926STQAY,true,false,Line Account,a0k4W00000DtAGXQA3,683
a0l4W00000H3CY5QAN,Bronze Annual Conference Sponsor Package Workflow,7,false,true,a0k4W00000DtAGXQA3,a154W00000926SSQAY,true,false,Line Account,a0k4W00000DtAGXQA3,684
a0l4W00000H3CY6QAN,Gold Annual Conference Sponsor Package Workflow,8,false,true,a0k4W00000DtAGXQA3,,true,false,Line Account,a0k4W00000DtAGXQA3,
a0l4W00000H3CY7QAN,Silver Annual Conference Sponsor Package Workflow,9,false,true,a0k4W00000DtAGXQA3,a154W00000926STQAY,true,false,Line Account,a0k4W00000DtAGXQA3,683
a0l4W00000H3CY8QAN,Bronze Annual Conference Sponsor Package Workflow,10,false,true,a0k4W00000DtAGXQA3,a154W00000926SSQAY,true,false,Line Account,a0k4W00000DtAGXQA3,684
a0l4W00000H3CY9QAN,Gold Annual Conference Sponsor Package Workflow,11,false,true,a0k4W00000DtAGXQA3,,true,false,Line Account,a0k4W00000DtAGXQA3,
a0l4W00000H3CYAQA3,Silver Annual Conference Sponsor Package Workflow,12,false,true,a0k4W00000DtAGXQA3,a154W00000926STQAY,true,false,Line Account,a0k4W00000DtAGXQA3,683
a0l4W00000H3CYBQA3,Bronze Annual Conference Sponsor Package Workflow,13,false,true,a0k4W00000DtAGXQA3,a154W00000926SSQAY,true,false,Line Account,a0k4W00000DtAGXQA3,684
a0l4W00000H3CYCQA3,Gold Annual Conference Sponsor Package Workflow,14,false,true,a0k4W00000DtAGXQA3,,true,false,Line Account,a0k4W00000DtAGXQA3,
a0l4W00000H3CYDQA3,Silver Annual Conference Sponsor Package Workflow,15,false,true,a0k4W00000DtAGXQA3,a154W00000926STQAY,true,false,Line Account,a0k4W00000DtAGXQA3,683
a0l4W00000H3CYEQA3,Bronze Annual Conference Sponsor Package Workflow,16,false,true,a0k4W00000DtAGXQA3,a154W00000926SSQAY,true,false,Line Account,a0k4W00000DtAGXQA3,684
a0l4W00000H3CYFQA3,Gold Annual Conference Sponsor Package Workflow,17,false,true,a0k4W00000DtAGXQA3,,true,false,Line Account,a0k4W00000DtAGXQA3,
a0l4W00000H3CYGQA3,Silver Annual Conference Sponsor Package Workflow,18,false,true,a0k4W00000DtAGXQA3,a154W00000926STQAY,true,false,Line Account,a0k4W00000DtAGXQA3,683
a0l4W00000H3CYHQA3,Bronze Annual Conference Sponsor Package Workflow,19,false,true,a0k4W00000DtAGXQA3,a154W00000926SSQAY,true,false,Line Account,a0k4W00000DtAGXQA3,684
a0l4W00000H3CYIQA3,Donor Badge Workflow,20,false,true,a0k4W00000DtAGYQA3,a154W00000926R7QAI,false,true,Line Contact,a0k4W00000DtAGYQA3,29
a0l4W00000H3CYJQA3,Donor Badge Workflow,21,false,true,a0k4W00000DtAGYQA3,a154W00000926RCQAY,false,true,Line Contact,a0k4W00000DtAGYQA3,30
a0l4W00000H3CYKQA3,Member Badge Workflow,22,false,true,a0k4W00000DtAGVQA3,a154W00000926QvQAI,true,false,Line Account,a0k4W00000DtAGVQA3,648
a0l4W00000H3CYLQA3,Member Badge Workflow,23,true,true,a0k4W00000DtAGVQA3,a154W00000926RkQAI,false,false,Assigned Contacts,a0k4W00000DtAGVQA3,649
a0l4W00000H3CYMQA3,Member Badge Workflow,24,false,true,a0k4W00000DtAGUQA3,a154W00000926QuQAI,false,true,Line Contact,a0k4W00000DtAGUQA3,650
a0l4W00000H3CYNQA3,Member Badge Workflow,25,false,true,a0k4W00000DtAGUQA3,a154W00000926R6QAI,false,true,Line Contact,a0k4W00000DtAGUQA3,651
a0l4W00000H3CYOQA3,Member Badge Workflow,26,false,true,a0k4W00000DtAGUQA3,a154W00000926SdQAI,false,true,Line Contact,a0k4W00000DtAGUQA3,652
a0l4W00000H3CYPQA3,Member Badge Workflow,27,false,true,a0k4W00000DtAGUQA3,a154W00000926RDQAY,false,true,Line Contact,a0k4W00000DtAGUQA3,609
a0l4W00000H3CYQQA3,Annual Conference Badge Workflow,28,false,true,a0k4W00000DtAGWQA3,,false,true,Line Contact,a0k4W00000DtAGWQA3,
a0l4W00000H3CYRQA3,Annual Conference Badge Workflow,29,false,true,a0k4W00000DtAGWQA3,,false,true,Line Contact,a0k4W00000DtAGWQA3,
a0l4W00000H3CYSQA3,Annual Conference Badge Workflow,30,false,true,a0k4W00000DtAGWQA3,,false,true,Line Contact,a0k4W00000DtAGWQA3,
a0l4W00000H3CYTQA3,Annual Conference Badge Workflow,31,false,true,a0k4W00000DtAGWQA3,,false,true,Line Contact,a0k4W00000DtAGWQA3,
a0l4W00000H3CYUQA3,Annual Conference Badge Workflow,32,false,true,a0k4W00000DtAGWQA3,a154W00000926SGQAY,false,true,Line Contact,a0k4W00000DtAGWQA3,417
a0l4W00000H3CYVQA3,Annual Conference Badge Workflow,33,false,true,a0k4W00000DtAGWQA3,a154W00000926SNQAY,false,true,Line Contact,a0k4W00000DtAGWQA3,418
a0l4W00000H3CYWQA3,Annual Conference Badge Workflow,34,false,true,a0k4W00000DtAGWQA3,,false,true,Line Contact,a0k4W00000DtAGWQA3,
a0l4W00000H3CYXQA3,Annual Conference Badge Workflow,35,false,true,a0k4W00000DtAGWQA3,,false,true,Line Contact,a0k4W00000DtAGWQA3,
a0l4W00000H3CYYQA3,Annual Conference Badge Workflow,36,false,true,a0k4W00000DtAGWQA3,,false,true,Line Contact,a0k4W00000DtAGWQA3,
a0l4W00000H3CYZQA3,Annual Conference Badge Workflow,37,false,true,a0k4W00000DtAGWQA3,,false,true,Line Contact,a0k4W00000DtAGWQA3,
