Id,Name,PagesApi__Community_Group__c,PagesApi__Account__c,PagesApi__Activated_Date__c,PagesApi__Bio__c,PagesApi__Chatter_Group_Member_Id__c,PagesApi__Contact__c,PagesApi__Deactivated_Date__c,PagesApi__Display_In_Directory__c,PagesApi__Display_Name__c,PagesApi__Email__c,PagesApi__Facebook_Profile_URL__c,PagesApi__Google_Profile_URL__c,PagesApi__Image_URL__c,PagesApi__Is_Active_User__c,PagesApi__Is_Active__c,PagesApi__Is_Manager__c,PagesApi__Join_Request_Date__c,PagesApi__LinkedIn_Profile_URL__c,PagesApi__Linked_Community_Group__c,PagesApi__Role__c,PagesApi__Status__c,PagesApi__Twitter_Profile_URL__c,PagesApi__Community_Group__r.Id,PagesApi__Account__r.External_Id__c,PagesApi__Contact__r.External_Id__c,PagesApi__Linked_Community_Group__r.Id
a0L4W00000QzO5MUAV,000000271,a0M4W00000dcoXBUAY,,2018-04-21,"Et harum quidem rerum facilis est et expedita distinctio. Nam libero tempore, cum soluta nobis est eligendi optio cumque nihil impedit quo minus id quod maxime placeat facere possimus, omnis voluptas assumenda est, omnis dolor repellendus. Ut enim ad minim veniam, quis nostrud exercitation ullamco laboris nisi ut aliquip ex ea commodo consequat. Duis aute irure dolor in reprehenderit in voluptate velit esse cillum dolore eu fugiat nulla pariatur.",,0034W00002DpogWQAR,,true,Ola Erickson,,,,https://fonteva-customer-media.s3.amazonaws.com/00D30000000ndogEAA/PnmnQmYk_SpeakerMan1.jpg,false,true,false,,,,Member,Active,,a0M4W00000dcoXBUAY,,255,
a0L4W00000QzO5NUAV,000000272,a0M4W00000dcoXBUAY,,2018-04-21,"Et harum quidem rerum facilis est et expedita distinctio. Nam libero tempore, cum soluta nobis est eligendi optio cumque nihil impedit quo minus id quod maxime placeat facere possimus, omnis voluptas assumenda est, omnis dolor repellendus. Ut enim ad minim veniam, quis nostrud exercitation ullamco laboris nisi ut aliquip ex ea commodo consequat. Duis aute irure dolor in reprehenderit in voluptate velit esse cillum dolore eu fugiat nulla pariatur.",,0034W00002DpodfQAB,,true,Etta Brown,,,,https://fonteva-customer-media.s3.amazonaws.com/00D30000000ndogEAA/DVRwMaHz_GroupMemberWoman4.jpg,false,true,false,,,,Member,Active,,a0M4W00000dcoXBUAY,,98,
a0L4W00000QzO5OUAV,000000273,a0M4W00000dcoXBUAY,,2018-04-21,"Et harum quidem rerum facilis est et expedita distinctio. Nam libero tempore, cum soluta nobis est eligendi optio cumque nihil impedit quo minus id quod maxime placeat facere possimus, omnis voluptas assumenda est, omnis dolor repellendus. Ut enim ad minim veniam, quis nostrud exercitation ullamco laboris nisi ut aliquip ex ea commodo consequat. Duis aute irure dolor in reprehenderit in voluptate velit esse cillum dolore eu fugiat nulla pariatur.",,0034W00002DpofrQAB,,true,David Tyler,,,,https://fonteva-customer-media.s3.amazonaws.com/00D1I000000nqo4UAA/BXJuwCPV_man3.PNG,false,true,false,,,,Member,Active,,a0M4W00000dcoXBUAY,,202,
a0L4W00000QzO5PUAV,000000274,a0M4W00000dcoXBUAY,,2018-04-21,"Et harum quidem rerum facilis est et expedita distinctio. Nam libero tempore, cum soluta nobis est eligendi optio cumque nihil impedit quo minus id quod maxime placeat facere possimus, omnis voluptas assumenda est, omnis dolor repellendus. Ut enim ad minim veniam, quis nostrud exercitation ullamco laboris nisi ut aliquip ex ea commodo consequat. Duis aute irure dolor in reprehenderit in voluptate velit esse cillum dolore eu fugiat nulla pariatur.",,0034W00002DpogLQAR,,true,Anne Pratt,,,,https://fonteva-customer-media.s3.amazonaws.com/00D1I000000nqo4UAA/AWvBsagT_female1.PNG,false,true,false,,,,Member,Active,,a0M4W00000dcoXBUAY,,171,
a0L4W00000QzO5QUAV,000000275,a0M4W00000dcoXBUAY,,2018-04-21,"Et harum quidem rerum facilis est et expedita distinctio. Nam libero tempore, cum soluta nobis est eligendi optio cumque nihil impedit quo minus id quod maxime placeat facere possimus, omnis voluptas assumenda est, omnis dolor repellendus. Ut enim ad minim veniam, quis nostrud exercitation ullamco laboris nisi ut aliquip ex ea commodo consequat. Duis aute irure dolor in reprehenderit in voluptate velit esse cillum dolore eu fugiat nulla pariatur.",,0034W00002Dpof5QAB,,true,Todd Hall,,,,https://fonteva-customer-media.s3.amazonaws.com/00D1I000000nqo4UAA/JTQQLaCf_man5.PNG,false,true,false,,,,Member,Active,,a0M4W00000dcoXBUAY,,148,
a0L4W00000QzO5RUAV,000000276,a0M4W00000dcoXBUAY,,2018-04-21,"Et harum quidem rerum facilis est et expedita distinctio. Nam libero tempore, cum soluta nobis est eligendi optio cumque nihil impedit quo minus id quod maxime placeat facere possimus, omnis voluptas assumenda est, omnis dolor repellendus. Ut enim ad minim veniam, quis nostrud exercitation ullamco laboris nisi ut aliquip ex ea commodo consequat. Duis aute irure dolor in reprehenderit in voluptate velit esse cillum dolore eu fugiat nulla pariatur.",,0034W00002DpodbQAB,,true,Bob Kelley,,,,https://fonteva-customer-media.s3.amazonaws.com/00D1I000003nOzxUAE/bGksazUC_bob%20kelly.jpeg,false,true,false,,,,Member,Active,,a0M4W00000dcoXBUAY,,272,
a0L4W00000QzO5SUAV,000000277,a0M4W00000dcoXBUAY,,2018-04-21,"Et harum quidem rerum facilis est et expedita distinctio. Nam libero tempore, cum soluta nobis est eligendi optio cumque nihil impedit quo minus id quod maxime placeat facere possimus, omnis voluptas assumenda est, omnis dolor repellendus. Ut enim ad minim veniam, quis nostrud exercitation ullamco laboris nisi ut aliquip ex ea commodo consequat. Duis aute irure dolor in reprehenderit in voluptate velit esse cillum dolore eu fugiat nulla pariatur.",,0034W00002DpogMQAR,,true,Harvey Jordan,,,,https://fonteva-customer-media.s3.amazonaws.com/00D1I000000nqo4UAA/mZhIwmzg_man8.PNG,false,true,false,,,,Member,Active,,a0M4W00000dcoXBUAY,,245,
a0L4W00000QzO5TUAV,000000278,a0M4W00000dcoXAUAY,,2018-04-21,"Et harum quidem rerum facilis est et expedita distinctio. Nam libero tempore, cum soluta nobis est eligendi optio cumque nihil impedit quo minus id quod maxime placeat facere possimus, omnis voluptas assumenda est, omnis dolor repellendus. Ut enim ad minim veniam, quis nostrud exercitation ullamco laboris nisi ut aliquip ex ea commodo consequat. Duis aute irure dolor in reprehenderit in voluptate velit esse cillum dolore eu fugiat nulla pariatur.",,0034W00002DpofNQAR,,true,Daniel Fields,,,,https://fonteva-customer-media.s3.amazonaws.com/00D1I000000nqo4UAA/DSdNmKXe_male2.PNG,false,true,false,,,,Member,Active,,a0M4W00000dcoXAUAY,,103,
a0L4W00000QzO5UUAV,000000279,a0M4W00000dcoXAUAY,,2018-04-21,"Et harum quidem rerum facilis est et expedita distinctio. Nam libero tempore, cum soluta nobis est eligendi optio cumque nihil impedit quo minus id quod maxime placeat facere possimus, omnis voluptas assumenda est, omnis dolor repellendus. Ut enim ad minim veniam, quis nostrud exercitation ullamco laboris nisi ut aliquip ex ea commodo consequat. Duis aute irure dolor in reprehenderit in voluptate velit esse cillum dolore eu fugiat nulla pariatur.",,0034W00002DpofRQAR,,true,Alberta Flores,,,,https://fonteva-customer-media.s3.amazonaws.com/00D1I000000nqo4UAA/MpkPloBR_female3.PNG,false,true,false,,,,Member,Active,,a0M4W00000dcoXAUAY,,173,
a0L4W00000QzO5VUAV,000000280,a0M4W00000dcoXAUAY,,2018-04-21,"Et harum quidem rerum facilis est et expedita distinctio. Nam libero tempore, cum soluta nobis est eligendi optio cumque nihil impedit quo minus id quod maxime placeat facere possimus, omnis voluptas assumenda est, omnis dolor repellendus. Ut enim ad minim veniam, quis nostrud exercitation ullamco laboris nisi ut aliquip ex ea commodo consequat. Duis aute irure dolor in reprehenderit in voluptate velit esse cillum dolore eu fugiat nulla pariatur.",0FB4W000002NUNRWA4,0034W00002DpodrQAB,,true,Eva Foxworth,,,,https://fonteva-customer-media.s3.amazonaws.com/00D30000000ndogEAA/DVRwMaHz_GroupMemberWoman4.jpg,true,true,false,,,,Member,Active,,a0M4W00000dcoXAUAY,,152,
a0L4W00000QzO5WUAV,000000281,a0M4W00000dcoXAUAY,,2018-04-21,"Et harum quidem rerum facilis est et expedita distinctio. Nam libero tempore, cum soluta nobis est eligendi optio cumque nihil impedit quo minus id quod maxime placeat facere possimus, omnis voluptas assumenda est, omnis dolor repellendus. Ut enim ad minim veniam, quis nostrud exercitation ullamco laboris nisi ut aliquip ex ea commodo consequat. Duis aute irure dolor in reprehenderit in voluptate velit esse cillum dolore eu fugiat nulla pariatur.",0FB4W000002NUNfWAO,0034W00002DpodsQAB,,true,Rose Brixton,,,,https://fonteva-customer-media.s3.amazonaws.com/00D1I000000nqo4UAA/OkOxooLd_femal4.PNG,true,true,false,,,,Member,Active,,a0M4W00000dcoXAUAY,,156,
a0L4W00000QzO5XUAV,000000282,a0M4W00000dcoXAUAY,,2018-04-21,"Et harum quidem rerum facilis est et expedita distinctio. Nam libero tempore, cum soluta nobis est eligendi optio cumque nihil impedit quo minus id quod maxime placeat facere possimus, omnis voluptas assumenda est, omnis dolor repellendus. Ut enim ad minim veniam, quis nostrud exercitation ullamco laboris nisi ut aliquip ex ea commodo consequat. Duis aute irure dolor in reprehenderit in voluptate velit esse cillum dolore eu fugiat nulla pariatur.",,0034W00002DpofBQAR,,true,Chester Brixton,,,,https://fonteva-customer-media.s3.amazonaws.com/00D30000000ndogEAA/PnmnQmYk_SpeakerMan1.jpg,false,true,false,,,,Member,Active,,a0M4W00000dcoXAUAY,,157,
a0L4W00000QzO5YUAV,000000283,a0M4W00000dcoXAUAY,,2018-04-21,"Et harum quidem rerum facilis est et expedita distinctio. Nam libero tempore, cum soluta nobis est eligendi optio cumque nihil impedit quo minus id quod maxime placeat facere possimus, omnis voluptas assumenda est, omnis dolor repellendus. Ut enim ad minim veniam, quis nostrud exercitation ullamco laboris nisi ut aliquip ex ea commodo consequat. Duis aute irure dolor in reprehenderit in voluptate velit esse cillum dolore eu fugiat nulla pariatur.",,0034W00002DpofEQAR,,true,Clayton Clintford,,,,https://fonteva-customer-media.s3.amazonaws.com/00D1I000000nqo4UAA/BXJuwCPV_man3.PNG,false,true,false,,,,Member,Active,,a0M4W00000dcoXAUAY,,93,
a0L4W00000QzO5ZUAV,000000284,a0M4W00000dcoXAUAY,,2018-04-21,"Et harum quidem rerum facilis est et expedita distinctio. Nam libero tempore, cum soluta nobis est eligendi optio cumque nihil impedit quo minus id quod maxime placeat facere possimus, omnis voluptas assumenda est, omnis dolor repellendus. Ut enim ad minim veniam, quis nostrud exercitation ullamco laboris nisi ut aliquip ex ea commodo consequat. Duis aute irure dolor in reprehenderit in voluptate velit esse cillum dolore eu fugiat nulla pariatur.",,0034W00002DpofOQAR,,true,Jacob Brown,,,,https://fonteva-customer-media.s3.amazonaws.com/00D30000000ndogEAA/PnmnQmYk_SpeakerMan1.jpg,false,true,false,,,,Member,Active,,a0M4W00000dcoXAUAY,,104,
a0L4W00000QzO5aUAF,000000285,a0M4W00000dcoXAUAY,,2018-04-21,"Et harum quidem rerum facilis est et expedita distinctio. Nam libero tempore, cum soluta nobis est eligendi optio cumque nihil impedit quo minus id quod maxime placeat facere possimus, omnis voluptas assumenda est, omnis dolor repellendus. Ut enim ad minim veniam, quis nostrud exercitation ullamco laboris nisi ut aliquip ex ea commodo consequat. Duis aute irure dolor in reprehenderit in voluptate velit esse cillum dolore eu fugiat nulla pariatur.",,0034W00002DpofkQAB,,true,Nellie Ford,,,,https://fonteva-customer-media.s3.amazonaws.com/00D30000000ndogEAA/WQRWHngq_GroupMemberWoman5.jpg,false,true,false,,,,Member,Active,,a0M4W00000dcoXAUAY,,137,
a0L4W00000QzO5bUAF,000000286,a0M4W00000dcoXAUAY,,2018-04-21,"Et harum quidem rerum facilis est et expedita distinctio. Nam libero tempore, cum soluta nobis est eligendi optio cumque nihil impedit quo minus id quod maxime placeat facere possimus, omnis voluptas assumenda est, omnis dolor repellendus. Ut enim ad minim veniam, quis nostrud exercitation ullamco laboris nisi ut aliquip ex ea commodo consequat. Duis aute irure dolor in reprehenderit in voluptate velit esse cillum dolore eu fugiat nulla pariatur.",0FB4W000002NUMyWAO,0034W00002DpocdQAB,,true,Jerome Bates,,,,https://fonteva-customer-media.s3.amazonaws.com/00D30000000ndogEAA/kffeXAfx_GroupMemberMan1.jpg,true,true,false,,,,Member,Active,,a0M4W00000dcoXAUAY,,143,
a0L4W00000QzO5cUAF,000000287,a0M4W00000dcoXAUAY,,2018-04-21,"Et harum quidem rerum facilis est et expedita distinctio. Nam libero tempore, cum soluta nobis est eligendi optio cumque nihil impedit quo minus id quod maxime placeat facere possimus, omnis voluptas assumenda est, omnis dolor repellendus. Ut enim ad minim veniam, quis nostrud exercitation ullamco laboris nisi ut aliquip ex ea commodo consequat. Duis aute irure dolor in reprehenderit in voluptate velit esse cillum dolore eu fugiat nulla pariatur.",,0034W00002DpofxQAB,,true,Norman Nguyen,,,,https://fonteva-customer-media.s3.amazonaws.com/00D1I000000nqo4UAA/JTQQLaCf_man5.PNG,false,true,false,,,,Member,Active,,a0M4W00000dcoXAUAY,,209,
a0L4W00000QzO5dUAF,000000288,a0M4W00000dcoXAUAY,,2018-04-21,"Et harum quidem rerum facilis est et expedita distinctio. Nam libero tempore, cum soluta nobis est eligendi optio cumque nihil impedit quo minus id quod maxime placeat facere possimus, omnis voluptas assumenda est, omnis dolor repellendus. Ut enim ad minim veniam, quis nostrud exercitation ullamco laboris nisi ut aliquip ex ea commodo consequat. Duis aute irure dolor in reprehenderit in voluptate velit esse cillum dolore eu fugiat nulla pariatur.",,0034W00002DpofzQAB,,true,Barbara Francis,,,,https://fonteva-customer-media.s3.amazonaws.com/00D1I000000nqo4UAA/OUKNFxbs_Female2.PNG,false,true,false,,,,Member,Active,,a0M4W00000dcoXAUAY,,211,
a0L4W00000QzO5eUAF,000000289,a0M4W00000dcoXAUAY,,2018-04-21,"Et harum quidem rerum facilis est et expedita distinctio. Nam libero tempore, cum soluta nobis est eligendi optio cumque nihil impedit quo minus id quod maxime placeat facere possimus, omnis voluptas assumenda est, omnis dolor repellendus. Ut enim ad minim veniam, quis nostrud exercitation ullamco laboris nisi ut aliquip ex ea commodo consequat. Duis aute irure dolor in reprehenderit in voluptate velit esse cillum dolore eu fugiat nulla pariatur.",,0034W00002DpofUQAR,,true,Marc Cain,,,,https://fonteva-customer-media.s3.amazonaws.com/00D1I000000nqo4UAA/gwRAISvR_man4.PNG,false,true,false,,,,Member,Active,,a0M4W00000dcoXAUAY,,176,
a0L4W00000QzO5fUAF,000000290,a0M4W00000dcoXAUAY,,2018-04-21,"Et harum quidem rerum facilis est et expedita distinctio. Nam libero tempore, cum soluta nobis est eligendi optio cumque nihil impedit quo minus id quod maxime placeat facere possimus, omnis voluptas assumenda est, omnis dolor repellendus. Ut enim ad minim veniam, quis nostrud exercitation ullamco laboris nisi ut aliquip ex ea commodo consequat. Duis aute irure dolor in reprehenderit in voluptate velit esse cillum dolore eu fugiat nulla pariatur.",,0034W00002DpofcQAB,,true,Esther Wilson,,,,https://fonteva-customer-media.s3.amazonaws.com/00D1I000000nqo4UAA/QrHdNVxO_female5.PNG,false,true,false,,,,Member,Active,,a0M4W00000dcoXAUAY,,184,
a0L4W00000QzO5gUAF,000000291,a0M4W00000dcoXAUAY,,2018-04-21,"Et harum quidem rerum facilis est et expedita distinctio. Nam libero tempore, cum soluta nobis est eligendi optio cumque nihil impedit quo minus id quod maxime placeat facere possimus, omnis voluptas assumenda est, omnis dolor repellendus. Ut enim ad minim veniam, quis nostrud exercitation ullamco laboris nisi ut aliquip ex ea commodo consequat. Duis aute irure dolor in reprehenderit in voluptate velit esse cillum dolore eu fugiat nulla pariatur.",,0034W00002DpoflQAB,,true,Amy Christensen,,,,https://fonteva-customer-media.s3.amazonaws.com/00D1I000000nqo4UAA/AWvBsagT_female1.PNG,false,true,false,,,,Member,Active,,a0M4W00000dcoXAUAY,,138,
a0L4W00000QzO5hUAF,000000292,a0M4W00000dcoXAUAY,,2018-04-21,"Et harum quidem rerum facilis est et expedita distinctio. Nam libero tempore, cum soluta nobis est eligendi optio cumque nihil impedit quo minus id quod maxime placeat facere possimus, omnis voluptas assumenda est, omnis dolor repellendus. Ut enim ad minim veniam, quis nostrud exercitation ullamco laboris nisi ut aliquip ex ea commodo consequat. Duis aute irure dolor in reprehenderit in voluptate velit esse cillum dolore eu fugiat nulla pariatur.",,0034W00002Dpof6QAB,,true,Myrtie Payne,,,,https://fonteva-customer-media.s3.amazonaws.com/00D30000000ndogEAA/cKjQDhJY_GroupMemberWoman1.jpg,false,true,false,,,,Member,Active,,a0M4W00000dcoXAUAY,,149,
a0L4W00000QzO5iUAF,000000293,a0M4W00000dcoXAUAY,,2018-04-21,"Et harum quidem rerum facilis est et expedita distinctio. Nam libero tempore, cum soluta nobis est eligendi optio cumque nihil impedit quo minus id quod maxime placeat facere possimus, omnis voluptas assumenda est, omnis dolor repellendus. Ut enim ad minim veniam, quis nostrud exercitation ullamco laboris nisi ut aliquip ex ea commodo consequat. Duis aute irure dolor in reprehenderit in voluptate velit esse cillum dolore eu fugiat nulla pariatur.",0FB4W000002NUMqWAO,0034W00002DpocTQAR,,true,Leila Simon,,,,https://fonteva-customer-media.s3.amazonaws.com/00D30000000ndogEAA/jfLsaJpR_SpeakerWoman2.jpg,true,true,false,,,,Member,Active,,a0M4W00000dcoXAUAY,,150,
a0L4W00000QzO5jUAF,000000294,a0M4W00000dcoXAUAY,,2018-04-21,"Et harum quidem rerum facilis est et expedita distinctio. Nam libero tempore, cum soluta nobis est eligendi optio cumque nihil impedit quo minus id quod maxime placeat facere possimus, omnis voluptas assumenda est, omnis dolor repellendus. Ut enim ad minim veniam, quis nostrud exercitation ullamco laboris nisi ut aliquip ex ea commodo consequat. Duis aute irure dolor in reprehenderit in voluptate velit esse cillum dolore eu fugiat nulla pariatur.",,0034W00002Dpof7QAB,,true,Millie Moody,,,,https://fonteva-customer-media.s3.amazonaws.com/00D1I000000nqo4UAA/zJUXezWJ_female6.PNG,false,true,false,,,,Member,Active,,a0M4W00000dcoXAUAY,,151,
a0L4W00000QzO5kUAF,000000295,a0M4W00000dcoXAUAY,,2018-04-21,"Et harum quidem rerum facilis est et expedita distinctio. Nam libero tempore, cum soluta nobis est eligendi optio cumque nihil impedit quo minus id quod maxime placeat facere possimus, omnis voluptas assumenda est, omnis dolor repellendus. Ut enim ad minim veniam, quis nostrud exercitation ullamco laboris nisi ut aliquip ex ea commodo consequat. Duis aute irure dolor in reprehenderit in voluptate velit esse cillum dolore eu fugiat nulla pariatur.",,0034W00002DpodbQAB,,true,Bob Kelley,,,,https://fonteva-customer-media.s3.amazonaws.com/00D1I000003nOzxUAE/bGksazUC_bob%20kelly.jpeg,false,true,true,,,,Manager,Active,,a0M4W00000dcoXAUAY,,272,
a0L4W00000QzO5lUAF,000000296,a0M4W00000dcoX9UAI,,2018-04-21,"Et harum quidem rerum facilis est et expedita distinctio. Nam libero tempore, cum soluta nobis est eligendi optio cumque nihil impedit quo minus id quod maxime placeat facere possimus, omnis voluptas assumenda est, omnis dolor repellendus. Ut enim ad minim veniam, quis nostrud exercitation ullamco laboris nisi ut aliquip ex ea commodo consequat. Duis aute irure dolor in reprehenderit in voluptate velit esse cillum dolore eu fugiat nulla pariatur.",,0034W00002DpofDQAR,,true,Adam Clintford,adamclintford@mailinator.com,,,https://fonteva-customer-media.s3.amazonaws.com/00D30000000ndogEAA/PnmnQmYk_SpeakerMan1.jpg,false,true,false,,,,Member,Active,,a0M4W00000dcoX9UAI,,92,
a0L4W00000QzO5mUAF,000000297,a0M4W00000dcoX9UAI,,2018-04-21,"Et harum quidem rerum facilis est et expedita distinctio. Nam libero tempore, cum soluta nobis est eligendi optio cumque nihil impedit quo minus id quod maxime placeat facere possimus, omnis voluptas assumenda est, omnis dolor repellendus. Ut enim ad minim veniam, quis nostrud exercitation ullamco laboris nisi ut aliquip ex ea commodo consequat. Duis aute irure dolor in reprehenderit in voluptate velit esse cillum dolore eu fugiat nulla pariatur.",,0034W00002DpofMQAR,,true,Linnie Simon,,,,https://fonteva-customer-media.s3.amazonaws.com/00D1I000000nqo4UAA/OUKNFxbs_Female2.PNG,false,true,false,,,,Member,Active,,a0M4W00000dcoX9UAI,,102,
a0L4W00000QzO5nUAF,000000298,a0M4W00000dcoX9UAI,,2018-04-21,"Et harum quidem rerum facilis est et expedita distinctio. Nam libero tempore, cum soluta nobis est eligendi optio cumque nihil impedit quo minus id quod maxime placeat facere possimus, omnis voluptas assumenda est, omnis dolor repellendus. Ut enim ad minim veniam, quis nostrud exercitation ullamco laboris nisi ut aliquip ex ea commodo consequat. Duis aute irure dolor in reprehenderit in voluptate velit esse cillum dolore eu fugiat nulla pariatur.",,0034W00002DpofnQAB,,true,Randall Schneider,,,,https://fonteva-customer-media.s3.amazonaws.com/00D1I000000nqo4UAA/XhgnvCyF_man7.PNG,false,true,false,,,,Member,Active,,a0M4W00000dcoX9UAI,,140,
a0L4W00000QzO5oUAF,000000299,a0M4W00000dcoX9UAI,,2018-04-21,"Et harum quidem rerum facilis est et expedita distinctio. Nam libero tempore, cum soluta nobis est eligendi optio cumque nihil impedit quo minus id quod maxime placeat facere possimus, omnis voluptas assumenda est, omnis dolor repellendus. Ut enim ad minim veniam, quis nostrud exercitation ullamco laboris nisi ut aliquip ex ea commodo consequat. Duis aute irure dolor in reprehenderit in voluptate velit esse cillum dolore eu fugiat nulla pariatur.",,0034W00002DpofsQAB,,true,Matilda Sanchez,,,,https://fonteva-customer-media.s3.amazonaws.com/00D1I000000nqo4UAA/MpkPloBR_female3.PNG,false,true,false,,,,Member,Active,,a0M4W00000dcoX9UAI,,203,
a0L4W00000QzO5pUAF,000000300,a0M4W00000dcoX9UAI,,2018-04-21,"Et harum quidem rerum facilis est et expedita distinctio. Nam libero tempore, cum soluta nobis est eligendi optio cumque nihil impedit quo minus id quod maxime placeat facere possimus, omnis voluptas assumenda est, omnis dolor repellendus. Ut enim ad minim veniam, quis nostrud exercitation ullamco laboris nisi ut aliquip ex ea commodo consequat. Duis aute irure dolor in reprehenderit in voluptate velit esse cillum dolore eu fugiat nulla pariatur.",,0034W00002DpogJQAR,,true,Gabriel Schneider,,,,https://fonteva-customer-media.s3.amazonaws.com/00D1I000000nqo4UAA/kymGZrHw_man6.PNG,false,true,false,,,,Member,Active,,a0M4W00000dcoX9UAI,,169,
a0L4W00000QzO5qUAF,000000301,a0M4W00000dcoX9UAI,,2018-04-21,"Et harum quidem rerum facilis est et expedita distinctio. Nam libero tempore, cum soluta nobis est eligendi optio cumque nihil impedit quo minus id quod maxime placeat facere possimus, omnis voluptas assumenda est, omnis dolor repellendus. Ut enim ad minim veniam, quis nostrud exercitation ullamco laboris nisi ut aliquip ex ea commodo consequat. Duis aute irure dolor in reprehenderit in voluptate velit esse cillum dolore eu fugiat nulla pariatur.",,0034W00002DpogNQAR,,true,James Owens,,,,https://fonteva-customer-media.s3.amazonaws.com/00D1I000000nqo4UAA/DSdNmKXe_male2.PNG,false,true,false,,,,Member,Active,,a0M4W00000dcoX9UAI,,246,
a0L4W00000QzO5rUAF,000000302,a0M4W00000dcoX9UAI,,2018-04-21,"Et harum quidem rerum facilis est et expedita distinctio. Nam libero tempore, cum soluta nobis est eligendi optio cumque nihil impedit quo minus id quod maxime placeat facere possimus, omnis voluptas assumenda est, omnis dolor repellendus. Ut enim ad minim veniam, quis nostrud exercitation ullamco laboris nisi ut aliquip ex ea commodo consequat. Duis aute irure dolor in reprehenderit in voluptate velit esse cillum dolore eu fugiat nulla pariatur.",,0034W00002DpogRQAR,,true,May Evans,,,,https://fonteva-customer-media.s3.amazonaws.com/00D30000000ndogEAA/iobLXVhF_GroupMemberWoman6.jpg,false,true,false,,,,Member,Active,,a0M4W00000dcoX9UAI,,250,
a0L4W00000QzO5sUAF,000000303,a0M4W00000dcoX9UAI,,2018-04-21,"Et harum quidem rerum facilis est et expedita distinctio. Nam libero tempore, cum soluta nobis est eligendi optio cumque nihil impedit quo minus id quod maxime placeat facere possimus, omnis voluptas assumenda est, omnis dolor repellendus. Ut enim ad minim veniam, quis nostrud exercitation ullamco laboris nisi ut aliquip ex ea commodo consequat. Duis aute irure dolor in reprehenderit in voluptate velit esse cillum dolore eu fugiat nulla pariatur.",,0034W00002DpofGQAR,,true,Sam Flannigan,,,,https://fonteva-customer-media.s3.amazonaws.com/00D1I000000nqo4UAA/JTQQLaCf_man5.PNG,false,true,false,,,,Member,Active,,a0M4W00000dcoX9UAI,,95,
a0L4W00000QzO5tUAF,000000304,a0M4W00000dcoX9UAI,,2018-04-21,"Et harum quidem rerum facilis est et expedita distinctio. Nam libero tempore, cum soluta nobis est eligendi optio cumque nihil impedit quo minus id quod maxime placeat facere possimus, omnis voluptas assumenda est, omnis dolor repellendus. Ut enim ad minim veniam, quis nostrud exercitation ullamco laboris nisi ut aliquip ex ea commodo consequat. Duis aute irure dolor in reprehenderit in voluptate velit esse cillum dolore eu fugiat nulla pariatur.",,0034W00002DpofTQAR,,true,Genevieve Ball,,,,https://fonteva-customer-media.s3.amazonaws.com/00D30000000ndogEAA/ftSobqOL_GroupMemberWoman3.jpg,false,true,false,,,,Member,Active,,a0M4W00000dcoX9UAI,,175,
a0L4W00000QzO5uUAF,000000305,a0M4W00000dcoX9UAI,,2018-04-21,"Et harum quidem rerum facilis est et expedita distinctio. Nam libero tempore, cum soluta nobis est eligendi optio cumque nihil impedit quo minus id quod maxime placeat facere possimus, omnis voluptas assumenda est, omnis dolor repellendus. Ut enim ad minim veniam, quis nostrud exercitation ullamco laboris nisi ut aliquip ex ea commodo consequat. Duis aute irure dolor in reprehenderit in voluptate velit esse cillum dolore eu fugiat nulla pariatur.",,0034W00002DpofoQAB,,true,Tom Schultz,,,,https://fonteva-customer-media.s3.amazonaws.com/00D1I000000nqo4UAA/OhbeNqoj_man1.PNG,false,true,false,,,,Member,Active,,a0M4W00000dcoX9UAI,,141,
a0L4W00000QzO5vUAF,000000306,a0M4W00000dcoX9UAI,,2018-04-21,"Et harum quidem rerum facilis est et expedita distinctio. Nam libero tempore, cum soluta nobis est eligendi optio cumque nihil impedit quo minus id quod maxime placeat facere possimus, omnis voluptas assumenda est, omnis dolor repellendus. Ut enim ad minim veniam, quis nostrud exercitation ullamco laboris nisi ut aliquip ex ea commodo consequat. Duis aute irure dolor in reprehenderit in voluptate velit esse cillum dolore eu fugiat nulla pariatur.",0FB4W000002NUMrWAO,0034W00002DpocVQAR,,true,Alexander Curry,,,,https://fonteva-customer-media.s3.amazonaws.com/00D1I000000nqo4UAA/gwRAISvR_man4.PNG,false,true,false,,,,Member,Active,,a0M4W00000dcoX9UAI,,208,
a0L4W00000QzO5wUAF,000000307,a0M4W00000dcoX9UAI,,2018-04-21,"Et harum quidem rerum facilis est et expedita distinctio. Nam libero tempore, cum soluta nobis est eligendi optio cumque nihil impedit quo minus id quod maxime placeat facere possimus, omnis voluptas assumenda est, omnis dolor repellendus. Ut enim ad minim veniam, quis nostrud exercitation ullamco laboris nisi ut aliquip ex ea commodo consequat. Duis aute irure dolor in reprehenderit in voluptate velit esse cillum dolore eu fugiat nulla pariatur.",,0034W00002Dpog0QAB,,true,Jose Hernandez,,,,https://fonteva-customer-media.s3.amazonaws.com/00D1I000000nqo4UAA/mZhIwmzg_man8.PNG,false,true,false,,,,Member,Active,,a0M4W00000dcoX9UAI,,212,
a0L4W00000QzO5xUAF,000000308,a0M4W00000dcoX9UAI,,2018-04-21,"Et harum quidem rerum facilis est et expedita distinctio. Nam libero tempore, cum soluta nobis est eligendi optio cumque nihil impedit quo minus id quod maxime placeat facere possimus, omnis voluptas assumenda est, omnis dolor repellendus. Ut enim ad minim veniam, quis nostrud exercitation ullamco laboris nisi ut aliquip ex ea commodo consequat. Duis aute irure dolor in reprehenderit in voluptate velit esse cillum dolore eu fugiat nulla pariatur.",,0034W00002Dpog4QAB,,true,Mittie Castro,,,,https://fonteva-customer-media.s3.amazonaws.com/00D1I000000nqo4UAA/QrHdNVxO_female5.PNG,false,true,false,,,,Member,Active,,a0M4W00000dcoX9UAI,,240,
a0L4W00000QzO5yUAF,000000309,a0M4W00000dcoX9UAI,,2018-04-21,"Et harum quidem rerum facilis est et expedita distinctio. Nam libero tempore, cum soluta nobis est eligendi optio cumque nihil impedit quo minus id quod maxime placeat facere possimus, omnis voluptas assumenda est, omnis dolor repellendus. Ut enim ad minim veniam, quis nostrud exercitation ullamco laboris nisi ut aliquip ex ea commodo consequat. Duis aute irure dolor in reprehenderit in voluptate velit esse cillum dolore eu fugiat nulla pariatur.",,0034W00002Dpog5QAB,,true,Nell Powell,,,,https://fonteva-customer-media.s3.amazonaws.com/00D30000000ndogEAA/cKjQDhJY_GroupMemberWoman1.jpg,false,true,false,,,,Member,Active,,a0M4W00000dcoX9UAI,,241,
a0L4W00000QzO5zUAF,000000310,a0M4W00000dcoX9UAI,,2018-04-21,"Et harum quidem rerum facilis est et expedita distinctio. Nam libero tempore, cum soluta nobis est eligendi optio cumque nihil impedit quo minus id quod maxime placeat facere possimus, omnis voluptas assumenda est, omnis dolor repellendus. Ut enim ad minim veniam, quis nostrud exercitation ullamco laboris nisi ut aliquip ex ea commodo consequat. Duis aute irure dolor in reprehenderit in voluptate velit esse cillum dolore eu fugiat nulla pariatur.",,0034W00002DpogCQAR,,true,Cory Shaw,,,,https://fonteva-customer-media.s3.amazonaws.com/00D1I000000nqo4UAA/BXJuwCPV_man3.PNG,false,true,false,,,,Member,Active,,a0M4W00000dcoX9UAI,,162,
a0L4W00000QzO60UAF,000000311,a0M4W00000dcoX9UAI,,2018-04-21,"Et harum quidem rerum facilis est et expedita distinctio. Nam libero tempore, cum soluta nobis est eligendi optio cumque nihil impedit quo minus id quod maxime placeat facere possimus, omnis voluptas assumenda est, omnis dolor repellendus. Ut enim ad minim veniam, quis nostrud exercitation ullamco laboris nisi ut aliquip ex ea commodo consequat. Duis aute irure dolor in reprehenderit in voluptate velit esse cillum dolore eu fugiat nulla pariatur.",,0034W00002DpogHQAR,,true,Alice Lloyd,,,,https://fonteva-customer-media.s3.amazonaws.com/00D30000000ndogEAA/gEAqciHq_SpeakerWoman3.jpg,false,true,false,,,,Member,Active,,a0M4W00000dcoX9UAI,,167,
a0L4W00000QzO61UAF,000000312,a0M4W00000dcoX9UAI,,2018-04-21,"Et harum quidem rerum facilis est et expedita distinctio. Nam libero tempore, cum soluta nobis est eligendi optio cumque nihil impedit quo minus id quod maxime placeat facere possimus, omnis voluptas assumenda est, omnis dolor repellendus. Ut enim ad minim veniam, quis nostrud exercitation ullamco laboris nisi ut aliquip ex ea commodo consequat. Duis aute irure dolor in reprehenderit in voluptate velit esse cillum dolore eu fugiat nulla pariatur.",,0034W00002DpofKQAR,,true,Bess Weber,,,,https://fonteva-customer-media.s3.amazonaws.com/00D1I000000nqo4UAA/AWvBsagT_female1.PNG,false,true,false,,,,Member,Active,,a0M4W00000dcoX9UAI,,100,
a0L4W00000QzO62UAF,000000313,a0M4W00000dcoX9UAI,,2018-04-21,"Et harum quidem rerum facilis est et expedita distinctio. Nam libero tempore, cum soluta nobis est eligendi optio cumque nihil impedit quo minus id quod maxime placeat facere possimus, omnis voluptas assumenda est, omnis dolor repellendus. Ut enim ad minim veniam, quis nostrud exercitation ullamco laboris nisi ut aliquip ex ea commodo consequat. Duis aute irure dolor in reprehenderit in voluptate velit esse cillum dolore eu fugiat nulla pariatur.",,0034W00002DpofPQAR,,true,Cordelia Clarke,,,,https://fonteva-customer-media.s3.amazonaws.com/00D30000000ndogEAA/jfLsaJpR_SpeakerWoman2.jpg,false,true,false,,,,Member,Active,,a0M4W00000dcoX9UAI,,105,
a0L4W00000QzO63UAF,000000314,a0M4W00000dcoX9UAI,,2018-04-21,"Et harum quidem rerum facilis est et expedita distinctio. Nam libero tempore, cum soluta nobis est eligendi optio cumque nihil impedit quo minus id quod maxime placeat facere possimus, omnis voluptas assumenda est, omnis dolor repellendus. Ut enim ad minim veniam, quis nostrud exercitation ullamco laboris nisi ut aliquip ex ea commodo consequat. Duis aute irure dolor in reprehenderit in voluptate velit esse cillum dolore eu fugiat nulla pariatur.",,0034W00002DpofVQAR,,true,Estella Tucker,,,,https://fonteva-customer-media.s3.amazonaws.com/00D1I000000nqo4UAA/OkOxooLd_femal4.PNG,false,true,false,,,,Member,Active,,a0M4W00000dcoX9UAI,,177,
a0L4W00000QzO64UAF,000000315,a0M4W00000dcoX9UAI,,2018-04-21,"Et harum quidem rerum facilis est et expedita distinctio. Nam libero tempore, cum soluta nobis est eligendi optio cumque nihil impedit quo minus id quod maxime placeat facere possimus, omnis voluptas assumenda est, omnis dolor repellendus. Ut enim ad minim veniam, quis nostrud exercitation ullamco laboris nisi ut aliquip ex ea commodo consequat. Duis aute irure dolor in reprehenderit in voluptate velit esse cillum dolore eu fugiat nulla pariatur.",,0034W00002DpofyQAB,,true,William Curtis,,,,https://fonteva-customer-media.s3.amazonaws.com/00D1I000000nqo4UAA/GNQHnUBP_man10.PNG,false,true,false,,,,Member,Active,,a0M4W00000dcoX9UAI,,210,
a0L4W00000QzO65UAF,000000316,a0M4W00000dcoX9UAI,,2018-04-21,"Et harum quidem rerum facilis est et expedita distinctio. Nam libero tempore, cum soluta nobis est eligendi optio cumque nihil impedit quo minus id quod maxime placeat facere possimus, omnis voluptas assumenda est, omnis dolor repellendus. Ut enim ad minim veniam, quis nostrud exercitation ullamco laboris nisi ut aliquip ex ea commodo consequat. Duis aute irure dolor in reprehenderit in voluptate velit esse cillum dolore eu fugiat nulla pariatur.",,0034W00002DpogQQAR,,true,Elijah Curtis,,,,https://fonteva-customer-media.s3.amazonaws.com/00D1I000000nqo4UAA/nKmlQcOx_man9.PNG,false,true,false,,,,Member,Active,,a0M4W00000dcoX9UAI,,249,
a0L4W00000QzO66UAF,000000317,a0M4W00000dcoX9UAI,,2018-04-21,"Et harum quidem rerum facilis est et expedita distinctio. Nam libero tempore, cum soluta nobis est eligendi optio cumque nihil impedit quo minus id quod maxime placeat facere possimus, omnis voluptas assumenda est, omnis dolor repellendus. Ut enim ad minim veniam, quis nostrud exercitation ullamco laboris nisi ut aliquip ex ea commodo consequat. Duis aute irure dolor in reprehenderit in voluptate velit esse cillum dolore eu fugiat nulla pariatur.",,0034W00002DpogUQAR,,true,Lucinda Neal,,,,https://fonteva-customer-media.s3.amazonaws.com/00D30000000ndogEAA/QlChjZAZ_GroupMemberWoman2.jpg,false,true,false,,,,Member,Active,,a0M4W00000dcoX9UAI,,253,
a0L4W00000QzO67UAF,000000318,a0M4W00000dcoX9UAI,,2018-04-21,"Et harum quidem rerum facilis est et expedita distinctio. Nam libero tempore, cum soluta nobis est eligendi optio cumque nihil impedit quo minus id quod maxime placeat facere possimus, omnis voluptas assumenda est, omnis dolor repellendus. Ut enim ad minim veniam, quis nostrud exercitation ullamco laboris nisi ut aliquip ex ea commodo consequat. Duis aute irure dolor in reprehenderit in voluptate velit esse cillum dolore eu fugiat nulla pariatur.",,0034W00002DpoezQAB,,true,Lucinda McKinney,,,,https://fonteva-customer-media.s3.amazonaws.com/00D1I000000nqo4UAA/zJUXezWJ_female6.PNG,false,true,false,,,,Member,Active,,a0M4W00000dcoX9UAI,,74,
a0L4W00000QzO68UAF,000000319,a0M4W00000dcoX9UAI,,2018-04-21,"Et harum quidem rerum facilis est et expedita distinctio. Nam libero tempore, cum soluta nobis est eligendi optio cumque nihil impedit quo minus id quod maxime placeat facere possimus, omnis voluptas assumenda est, omnis dolor repellendus. Ut enim ad minim veniam, quis nostrud exercitation ullamco laboris nisi ut aliquip ex ea commodo consequat. Duis aute irure dolor in reprehenderit in voluptate velit esse cillum dolore eu fugiat nulla pariatur.",0FB4W000002NUMxWAO,0034W00002Dpof2QAB,,true,Gerald Frank,,,,https://fonteva-customer-media.s3.amazonaws.com/00D1I000000nqo4UAA/gwRAISvR_man4.PNG,false,true,false,,,,Member,Active,,a0M4W00000dcoX9UAI,,145,
a0L4W00000QzO69UAF,000000320,a0M4W00000dcoX9UAI,,2018-04-21,"Et harum quidem rerum facilis est et expedita distinctio. Nam libero tempore, cum soluta nobis est eligendi optio cumque nihil impedit quo minus id quod maxime placeat facere possimus, omnis voluptas assumenda est, omnis dolor repellendus. Ut enim ad minim veniam, quis nostrud exercitation ullamco laboris nisi ut aliquip ex ea commodo consequat. Duis aute irure dolor in reprehenderit in voluptate velit esse cillum dolore eu fugiat nulla pariatur.",,0034W00002DpodbQAB,,true,Bob Kelley,,,,https://fonteva-customer-media.s3.amazonaws.com/00D1I000003nOzxUAE/bGksazUC_bob%20kelly.jpeg,false,true,false,,,,Member,Active,,a0M4W00000dcoX9UAI,,272,
a0L4W00000QzO6AUAV,000000321,a0M4W00000dcoX8UAI,,2018-08-14,,0FB4W000002NUNnWAO,0034W00002DpodbQAB,,true,Bob Kelley,,,,/profilephoto/7296A0000004icZ/F,true,true,true,,,,Manager,Active,,a0M4W00000dcoX8UAI,,272,
a0L4W00000QzO6BUAV,000000322,a0M4W00000dcoXCUAY,,2018-08-14,,0FB4W000002NUNoWAO,0034W00002DpodbQAB,,true,Bob Kelley,,,,/profilephoto/7296A0000004icZ/F,true,true,false,2018-08-14,,,Member,Active,,a0M4W00000dcoXCUAY,,272,
a0L4W00000QzO6CUAV,000000323,a0M4W00000dcoXDUAY,,2018-08-14,,0FB4W000002NUNpWAO,0034W00002DpodbQAB,,true,Bob Kelley,,,,https://tso-data--c.na50.content.force.com/profilephoto/7296A0000004icZ/F,true,true,true,,,,Member,Active,,a0M4W00000dcoXDUAY,,272,
a0L4W00000QzO6DUAV,000000324,a0M4W00000dcoX9UAI,,2018-10-07,,0FB4W000002NUNqWAO,0034W00002DpodbQAB,,true,Bob Kelley,,,,/profilephoto/7296A0000004icZ/F,true,true,true,,,,Manager,Active,,a0M4W00000dcoX9UAI,,272,
a0L4W00000QzO4fUAF,000000225,a0M4W00000dcoX8UAI,,2018-04-21,"Et harum quidem rerum facilis est et expedita distinctio. Nam libero tempore, cum soluta nobis est eligendi optio cumque nihil impedit quo minus id quod maxime placeat facere possimus, omnis voluptas assumenda est, omnis dolor repellendus. Ut enim ad minim veniam, quis nostrud exercitation ullamco laboris nisi ut aliquip ex ea commodo consequat. Duis aute irure dolor in reprehenderit in voluptate velit esse cillum dolore eu fugiat nulla pariatur.",,0034W00002DpofeQAB,,true,Marguerite Horton,,,,https://fonteva-customer-media.s3.amazonaws.com/00D1I000000nqo4UAA/OUKNFxbs_Female2.PNG,false,true,false,,,,Member,Active,,a0M4W00000dcoX8UAI,,130,
a0L4W00000QzO4gUAF,000000226,a0M4W00000dcoX8UAI,,2018-04-21,"Et harum quidem rerum facilis est et expedita distinctio. Nam libero tempore, cum soluta nobis est eligendi optio cumque nihil impedit quo minus id quod maxime placeat facere possimus, omnis voluptas assumenda est, omnis dolor repellendus. Ut enim ad minim veniam, quis nostrud exercitation ullamco laboris nisi ut aliquip ex ea commodo consequat. Duis aute irure dolor in reprehenderit in voluptate velit esse cillum dolore eu fugiat nulla pariatur.",,0034W00002DpofHQAR,,true,Clara Flannigan,,,,https://fonteva-customer-media.s3.amazonaws.com/00D30000000ndogEAA/DVRwMaHz_GroupMemberWoman4.jpg,false,true,false,,,,Member,Active,,a0M4W00000dcoX8UAI,,96,
a0L4W00000QzO4hUAF,000000227,a0M4W00000dcoX8UAI,,2018-04-21,"Et harum quidem rerum facilis est et expedita distinctio. Nam libero tempore, cum soluta nobis est eligendi optio cumque nihil impedit quo minus id quod maxime placeat facere possimus, omnis voluptas assumenda est, omnis dolor repellendus. Ut enim ad minim veniam, quis nostrud exercitation ullamco laboris nisi ut aliquip ex ea commodo consequat. Duis aute irure dolor in reprehenderit in voluptate velit esse cillum dolore eu fugiat nulla pariatur.",,0034W00002DpofiQAB,,true,Laura Ortiz,,,,https://fonteva-customer-media.s3.amazonaws.com/00D1I000000nqo4UAA/MpkPloBR_female3.PNG,false,true,false,,,,Member,Active,,a0M4W00000dcoX8UAI,,134,
a0L4W00000QzO4iUAF,000000228,a0M4W00000dcoX8UAI,,2018-04-21,"Et harum quidem rerum facilis est et expedita distinctio. Nam libero tempore, cum soluta nobis est eligendi optio cumque nihil impedit quo minus id quod maxime placeat facere possimus, omnis voluptas assumenda est, omnis dolor repellendus. Ut enim ad minim veniam, quis nostrud exercitation ullamco laboris nisi ut aliquip ex ea commodo consequat. Duis aute irure dolor in reprehenderit in voluptate velit esse cillum dolore eu fugiat nulla pariatur.",,0034W00002DpofjQAB,,true,Beatrice Cohen,,,,https://fonteva-customer-media.s3.amazonaws.com/00D1I000000nqo4UAA/AWvBsagT_female1.PNG,false,true,false,,,,Member,Active,,a0M4W00000dcoX8UAI,,135,
a0L4W00000QzO4jUAF,000000229,a0M4W00000dcoX8UAI,,2018-04-21,"Et harum quidem rerum facilis est et expedita distinctio. Nam libero tempore, cum soluta nobis est eligendi optio cumque nihil impedit quo minus id quod maxime placeat facere possimus, omnis voluptas assumenda est, omnis dolor repellendus. Ut enim ad minim veniam, quis nostrud exercitation ullamco laboris nisi ut aliquip ex ea commodo consequat. Duis aute irure dolor in reprehenderit in voluptate velit esse cillum dolore eu fugiat nulla pariatur.",,0034W00002DpofgQAB,,true,Dustin Curtis,,,,https://fonteva-customer-media.s3.amazonaws.com/00D1I000000nqo4UAA/BXJuwCPV_man3.PNG,false,true,false,,,,Member,Active,,a0M4W00000dcoX8UAI,,132,
a0L4W00000QzO4kUAF,000000230,a0M4W00000dcoX8UAI,,2018-04-21,"Et harum quidem rerum facilis est et expedita distinctio. Nam libero tempore, cum soluta nobis est eligendi optio cumque nihil impedit quo minus id quod maxime placeat facere possimus, omnis voluptas assumenda est, omnis dolor repellendus. Ut enim ad minim veniam, quis nostrud exercitation ullamco laboris nisi ut aliquip ex ea commodo consequat. Duis aute irure dolor in reprehenderit in voluptate velit esse cillum dolore eu fugiat nulla pariatur.",,0034W00002Dpog2QAB,,true,Nicholas Morgan,,,,https://fonteva-customer-media.s3.amazonaws.com/00D1I000000nqo4UAA/gwRAISvR_man4.PNG,false,true,false,,,,Member,Active,,a0M4W00000dcoX8UAI,,214,
a0L4W00000QzO4lUAF,000000231,a0M4W00000dcoX8UAI,,2018-04-21,"Et harum quidem rerum facilis est et expedita distinctio. Nam libero tempore, cum soluta nobis est eligendi optio cumque nihil impedit quo minus id quod maxime placeat facere possimus, omnis voluptas assumenda est, omnis dolor repellendus. Ut enim ad minim veniam, quis nostrud exercitation ullamco laboris nisi ut aliquip ex ea commodo consequat. Duis aute irure dolor in reprehenderit in voluptate velit esse cillum dolore eu fugiat nulla pariatur.",,0034W00002DpofAQAR,,true,Dennis Brixton,,,,https://fonteva-customer-media.s3.amazonaws.com/00D1I000000nqo4UAA/DSdNmKXe_male2.PNG,false,true,false,,,,Member,Active,,a0M4W00000dcoX8UAI,,155,
a0L4W00000QzO4mUAF,000000232,a0M4W00000dcoX8UAI,,2018-04-21,"Et harum quidem rerum facilis est et expedita distinctio. Nam libero tempore, cum soluta nobis est eligendi optio cumque nihil impedit quo minus id quod maxime placeat facere possimus, omnis voluptas assumenda est, omnis dolor repellendus. Ut enim ad minim veniam, quis nostrud exercitation ullamco laboris nisi ut aliquip ex ea commodo consequat. Duis aute irure dolor in reprehenderit in voluptate velit esse cillum dolore eu fugiat nulla pariatur.",,0034W00002DpoeyQAB,,true,Michael Groverfield,,,,https://fonteva-customer-media.s3.amazonaws.com/00D30000000ndogEAA/kffeXAfx_GroupMemberMan1.jpg,false,true,false,,,,Member,Active,,a0M4W00000dcoX8UAI,,73,
a0L4W00000QzO4nUAF,000000234,a0M4W00000dcoXDUAY,,2018-04-21,"Et harum quidem rerum facilis est et expedita distinctio. Nam libero tempore, cum soluta nobis est eligendi optio cumque nihil impedit quo minus id quod maxime placeat facere possimus, omnis voluptas assumenda est, omnis dolor repellendus. Ut enim ad minim veniam, quis nostrud exercitation ullamco laboris nisi ut aliquip ex ea commodo consequat. Duis aute irure dolor in reprehenderit in voluptate velit esse cillum dolore eu fugiat nulla pariatur.",,0034W00002DpofbQAB,,true,Loretta Riley,,,,https://fonteva-customer-media.s3.amazonaws.com/00D1I000000nqo4UAA/OUKNFxbs_Female2.PNG,false,true,false,,,,Member,Active,,a0M4W00000dcoXDUAY,,183,
a0L4W00000QzO4oUAF,000000235,a0M4W00000dcoXDUAY,,2018-04-21,"Et harum quidem rerum facilis est et expedita distinctio. Nam libero tempore, cum soluta nobis est eligendi optio cumque nihil impedit quo minus id quod maxime placeat facere possimus, omnis voluptas assumenda est, omnis dolor repellendus. Ut enim ad minim veniam, quis nostrud exercitation ullamco laboris nisi ut aliquip ex ea commodo consequat. Duis aute irure dolor in reprehenderit in voluptate velit esse cillum dolore eu fugiat nulla pariatur.",,0034W00002DpofvQAB,,true,Patrick Bowman,,,,https://fonteva-customer-media.s3.amazonaws.com/00D1I000000nqo4UAA/JTQQLaCf_man5.PNG,false,true,false,,,,Member,Active,,a0M4W00000dcoXDUAY,,206,
a0L4W00000QzO4pUAF,000000236,a0M4W00000dcoXDUAY,,2018-04-21,"Et harum quidem rerum facilis est et expedita distinctio. Nam libero tempore, cum soluta nobis est eligendi optio cumque nihil impedit quo minus id quod maxime placeat facere possimus, omnis voluptas assumenda est, omnis dolor repellendus. Ut enim ad minim veniam, quis nostrud exercitation ullamco laboris nisi ut aliquip ex ea commodo consequat. Duis aute irure dolor in reprehenderit in voluptate velit esse cillum dolore eu fugiat nulla pariatur.",,0034W00002DpogVQAR,,true,Lloyd Welch,,,,https://fonteva-customer-media.s3.amazonaws.com/00D1I000000nqo4UAA/mZhIwmzg_man8.PNG,false,true,false,,,,Member,Active,,a0M4W00000dcoXDUAY,,254,
a0L4W00000QzO4qUAF,000000237,a0M4W00000dcoXDUAY,,2018-04-21,"Et harum quidem rerum facilis est et expedita distinctio. Nam libero tempore, cum soluta nobis est eligendi optio cumque nihil impedit quo minus id quod maxime placeat facere possimus, omnis voluptas assumenda est, omnis dolor repellendus. Ut enim ad minim veniam, quis nostrud exercitation ullamco laboris nisi ut aliquip ex ea commodo consequat. Duis aute irure dolor in reprehenderit in voluptate velit esse cillum dolore eu fugiat nulla pariatur.",,0034W00002DpoffQAB,,true,Bernice Cross,,,,https://fonteva-customer-media.s3.amazonaws.com/00D1I000000nqo4UAA/MpkPloBR_female3.PNG,false,true,false,,,,Member,Active,,a0M4W00000dcoXDUAY,,131,
a0L4W00000QzO4rUAF,000000238,a0M4W00000dcoXDUAY,,2018-04-21,"Et harum quidem rerum facilis est et expedita distinctio. Nam libero tempore, cum soluta nobis est eligendi optio cumque nihil impedit quo minus id quod maxime placeat facere possimus, omnis voluptas assumenda est, omnis dolor repellendus. Ut enim ad minim veniam, quis nostrud exercitation ullamco laboris nisi ut aliquip ex ea commodo consequat. Duis aute irure dolor in reprehenderit in voluptate velit esse cillum dolore eu fugiat nulla pariatur.",,0034W00002DpofqQAB,,true,Jim Neal,,,,https://fonteva-customer-media.s3.amazonaws.com/00D1I000000nqo4UAA/BXJuwCPV_man3.PNG,false,true,false,,,,Member,Active,,a0M4W00000dcoXDUAY,,201,
a0L4W00000QzO4sUAF,000000239,a0M4W00000dcoXDUAY,,2018-04-21,"Et harum quidem rerum facilis est et expedita distinctio. Nam libero tempore, cum soluta nobis est eligendi optio cumque nihil impedit quo minus id quod maxime placeat facere possimus, omnis voluptas assumenda est, omnis dolor repellendus. Ut enim ad minim veniam, quis nostrud exercitation ullamco laboris nisi ut aliquip ex ea commodo consequat. Duis aute irure dolor in reprehenderit in voluptate velit esse cillum dolore eu fugiat nulla pariatur.",,0034W00002Dpog8QAB,,true,Jay Armstrong,,,,https://fonteva-customer-media.s3.amazonaws.com/00D1I000000nqo4UAA/DSdNmKXe_male2.PNG,false,true,false,,,,Member,Active,,a0M4W00000dcoXDUAY,,158,
a0L4W00000QzO4tUAF,000000240,a0M4W00000dcoXDUAY,,2018-04-21,"Et harum quidem rerum facilis est et expedita distinctio. Nam libero tempore, cum soluta nobis est eligendi optio cumque nihil impedit quo minus id quod maxime placeat facere possimus, omnis voluptas assumenda est, omnis dolor repellendus. Ut enim ad minim veniam, quis nostrud exercitation ullamco laboris nisi ut aliquip ex ea commodo consequat. Duis aute irure dolor in reprehenderit in voluptate velit esse cillum dolore eu fugiat nulla pariatur.",,0034W00002DpofSQAR,,true,Mike Campbell,,,,https://fonteva-customer-media.s3.amazonaws.com/00D1I000000nqo4UAA/gwRAISvR_man4.PNG,false,true,false,,,,Member,Active,,a0M4W00000dcoXDUAY,,174,
a0L4W00000QzO4uUAF,000000241,a0M4W00000dcoXDUAY,,2018-04-21,"Et harum quidem rerum facilis est et expedita distinctio. Nam libero tempore, cum soluta nobis est eligendi optio cumque nihil impedit quo minus id quod maxime placeat facere possimus, omnis voluptas assumenda est, omnis dolor repellendus. Ut enim ad minim veniam, quis nostrud exercitation ullamco laboris nisi ut aliquip ex ea commodo consequat. Duis aute irure dolor in reprehenderit in voluptate velit esse cillum dolore eu fugiat nulla pariatur.",,0034W00002DpogFQAR,,true,Cora Klein,,,,https://fonteva-customer-media.s3.amazonaws.com/00D1I000000nqo4UAA/AWvBsagT_female1.PNG,false,true,false,,,,Member,Active,,a0M4W00000dcoXDUAY,,165,
a0L4W00000QzO4vUAF,000000242,a0M4W00000dcoXDUAY,,2018-04-21,"Et harum quidem rerum facilis est et expedita distinctio. Nam libero tempore, cum soluta nobis est eligendi optio cumque nihil impedit quo minus id quod maxime placeat facere possimus, omnis voluptas assumenda est, omnis dolor repellendus. Ut enim ad minim veniam, quis nostrud exercitation ullamco laboris nisi ut aliquip ex ea commodo consequat. Duis aute irure dolor in reprehenderit in voluptate velit esse cillum dolore eu fugiat nulla pariatur.",,0034W00002Dpof9QAB,,true,Max Foxworth,,,,https://fonteva-customer-media.s3.amazonaws.com/00D1I000000nqo4UAA/OhbeNqoj_man1.PNG,false,true,false,,,,Member,Active,,a0M4W00000dcoXDUAY,,154,
a0L4W00000QzO4wUAF,000000243,a0M4W00000dcoXDUAY,,2018-04-21,"Et harum quidem rerum facilis est et expedita distinctio. Nam libero tempore, cum soluta nobis est eligendi optio cumque nihil impedit quo minus id quod maxime placeat facere possimus, omnis voluptas assumenda est, omnis dolor repellendus. Ut enim ad minim veniam, quis nostrud exercitation ullamco laboris nisi ut aliquip ex ea commodo consequat. Duis aute irure dolor in reprehenderit in voluptate velit esse cillum dolore eu fugiat nulla pariatur.",,0034W00002DpofJQAR,,true,David Brown,,,,https://fonteva-customer-media.s3.amazonaws.com/00D1I000003nOzxUAE/bGksazUC_bob%20kelly.jpeg,false,true,false,,,,Member,Active,,a0M4W00000dcoXDUAY,,99,
a0L4W00000QzO4xUAF,000000245,a0M4W00000dcoXCUAY,,2018-04-21,"Et harum quidem rerum facilis est et expedita distinctio. Nam libero tempore, cum soluta nobis est eligendi optio cumque nihil impedit quo minus id quod maxime placeat facere possimus, omnis voluptas assumenda est, omnis dolor repellendus. Ut enim ad minim veniam, quis nostrud exercitation ullamco laboris nisi ut aliquip ex ea commodo consequat. Duis aute irure dolor in reprehenderit in voluptate velit esse cillum dolore eu fugiat nulla pariatur.",,0034W00002Dpof8QAB,,true,Helena Foxworth,,,,https://fonteva-customer-media.s3.amazonaws.com/00D1I000000nqo4UAA/OUKNFxbs_Female2.PNG,false,true,false,,,,Member,Active,,a0M4W00000dcoXCUAY,,153,
a0L4W00000QzO4yUAF,000000246,a0M4W00000dcoXCUAY,,2018-04-21,"Et harum quidem rerum facilis est et expedita distinctio. Nam libero tempore, cum soluta nobis est eligendi optio cumque nihil impedit quo minus id quod maxime placeat facere possimus, omnis voluptas assumenda est, omnis dolor repellendus. Ut enim ad minim veniam, quis nostrud exercitation ullamco laboris nisi ut aliquip ex ea commodo consequat. Duis aute irure dolor in reprehenderit in voluptate velit esse cillum dolore eu fugiat nulla pariatur.",,0034W00002DpofCQAR,,true,Ray Clintford,,,,https://fonteva-customer-media.s3.amazonaws.com/00D1I000000nqo4UAA/mZhIwmzg_man8.PNG,false,true,false,,,,Member,Active,,a0M4W00000dcoXCUAY,,91,
a0L4W00000QzO4zUAF,000000247,a0M4W00000dcoXCUAY,,2018-04-21,"Et harum quidem rerum facilis est et expedita distinctio. Nam libero tempore, cum soluta nobis est eligendi optio cumque nihil impedit quo minus id quod maxime placeat facere possimus, omnis voluptas assumenda est, omnis dolor repellendus. Ut enim ad minim veniam, quis nostrud exercitation ullamco laboris nisi ut aliquip ex ea commodo consequat. Duis aute irure dolor in reprehenderit in voluptate velit esse cillum dolore eu fugiat nulla pariatur.",,0034W00002DpofLQAR,2019-11-07,true,Gary Flowers,,,,https://fonteva-customer-media.s3.amazonaws.com/00D1I000000nqo4UAA/BXJuwCPV_man3.PNG,false,true,true,,,,Manager,Active,,a0M4W00000dcoXCUAY,,101,
a0L4W00000QzO50UAF,000000248,a0M4W00000dcoXCUAY,,2018-04-21,"Et harum quidem rerum facilis est et expedita distinctio. Nam libero tempore, cum soluta nobis est eligendi optio cumque nihil impedit quo minus id quod maxime placeat facere possimus, omnis voluptas assumenda est, omnis dolor repellendus. Ut enim ad minim veniam, quis nostrud exercitation ullamco laboris nisi ut aliquip ex ea commodo consequat. Duis aute irure dolor in reprehenderit in voluptate velit esse cillum dolore eu fugiat nulla pariatur.",,0034W00002DpofFQAR,,true,Edna Flannigan,,,,https://fonteva-customer-media.s3.amazonaws.com/00D30000000ndogEAA/cKjQDhJY_GroupMemberWoman1.jpg,false,true,false,,,,Member,Active,,a0M4W00000dcoXCUAY,,94,
a0L4W00000QzO51UAF,000000249,a0M4W00000dcoXCUAY,,2018-04-21,"Et harum quidem rerum facilis est et expedita distinctio. Nam libero tempore, cum soluta nobis est eligendi optio cumque nihil impedit quo minus id quod maxime placeat facere possimus, omnis voluptas assumenda est, omnis dolor repellendus. Ut enim ad minim veniam, quis nostrud exercitation ullamco laboris nisi ut aliquip ex ea commodo consequat. Duis aute irure dolor in reprehenderit in voluptate velit esse cillum dolore eu fugiat nulla pariatur.",,0034W00002DpofIQAR,2019-11-07,true,Rachel Brown,,,,https://fonteva-customer-media.s3.amazonaws.com/00D30000000ndogEAA/gEAqciHq_SpeakerWoman3.jpg,false,true,true,,,,Manager,Active,,a0M4W00000dcoXCUAY,,97,
a0L4W00000QzO52UAF,000000250,a0M4W00000dcoXCUAY,,2018-04-21,"Et harum quidem rerum facilis est et expedita distinctio. Nam libero tempore, cum soluta nobis est eligendi optio cumque nihil impedit quo minus id quod maxime placeat facere possimus, omnis voluptas assumenda est, omnis dolor repellendus. Ut enim ad minim veniam, quis nostrud exercitation ullamco laboris nisi ut aliquip ex ea commodo consequat. Duis aute irure dolor in reprehenderit in voluptate velit esse cillum dolore eu fugiat nulla pariatur.",,0034W00002DpofWQAR,,true,Marcus Clarke,,,,https://fonteva-customer-media.s3.amazonaws.com/00D30000000ndogEAA/PnmnQmYk_SpeakerMan1.jpg,false,true,false,,,,Member,Active,,a0M4W00000dcoXCUAY,,178,
a0L4W00000QzO53UAF,000000251,a0M4W00000dcoXCUAY,,2018-04-21,"Et harum quidem rerum facilis est et expedita distinctio. Nam libero tempore, cum soluta nobis est eligendi optio cumque nihil impedit quo minus id quod maxime placeat facere possimus, omnis voluptas assumenda est, omnis dolor repellendus. Ut enim ad minim veniam, quis nostrud exercitation ullamco laboris nisi ut aliquip ex ea commodo consequat. Duis aute irure dolor in reprehenderit in voluptate velit esse cillum dolore eu fugiat nulla pariatur.",0FB4W000002NUN0WAO,0034W00002DpofYQAR,,true,Celia Wallace,,,,https://fonteva-customer-media.s3.amazonaws.com/00D1I000000nqo4UAA/AWvBsagT_female1.PNG,false,true,false,,,,Member,Active,,a0M4W00000dcoXCUAY,,180,
a0L4W00000QzO54UAF,000000252,a0M4W00000dcoXCUAY,,2018-04-21,"Et harum quidem rerum facilis est et expedita distinctio. Nam libero tempore, cum soluta nobis est eligendi optio cumque nihil impedit quo minus id quod maxime placeat facere possimus, omnis voluptas assumenda est, omnis dolor repellendus. Ut enim ad minim veniam, quis nostrud exercitation ullamco laboris nisi ut aliquip ex ea commodo consequat. Duis aute irure dolor in reprehenderit in voluptate velit esse cillum dolore eu fugiat nulla pariatur.",,0034W00002DpofaQAB,2019-11-07,true,Luis Neal,,,,https://fonteva-customer-media.s3.amazonaws.com/00D1I000000nqo4UAA/XhgnvCyF_man7.PNG,false,true,true,,,,Manager,Active,,a0M4W00000dcoXCUAY,,182,
a0L4W00000QzO55UAF,000000253,a0M4W00000dcoXCUAY,,2018-04-21,"Et harum quidem rerum facilis est et expedita distinctio. Nam libero tempore, cum soluta nobis est eligendi optio cumque nihil impedit quo minus id quod maxime placeat facere possimus, omnis voluptas assumenda est, omnis dolor repellendus. Ut enim ad minim veniam, quis nostrud exercitation ullamco laboris nisi ut aliquip ex ea commodo consequat. Duis aute irure dolor in reprehenderit in voluptate velit esse cillum dolore eu fugiat nulla pariatur.",,0034W00002DpofhQAB,,true,Shawn Schultz,,,,https://fonteva-customer-media.s3.amazonaws.com/00D1I000000nqo4UAA/OhbeNqoj_man1.PNG,false,true,false,,,,Member,Active,,a0M4W00000dcoXCUAY,,133,
a0L4W00000QzO56UAF,000000254,a0M4W00000dcoXCUAY,,2018-04-21,"Et harum quidem rerum facilis est et expedita distinctio. Nam libero tempore, cum soluta nobis est eligendi optio cumque nihil impedit quo minus id quod maxime placeat facere possimus, omnis voluptas assumenda est, omnis dolor repellendus. Ut enim ad minim veniam, quis nostrud exercitation ullamco laboris nisi ut aliquip ex ea commodo consequat. Duis aute irure dolor in reprehenderit in voluptate velit esse cillum dolore eu fugiat nulla pariatur.",,0034W00002DpofXQAR,,true,Nicholas Morgan,,,,https://fonteva-customer-media.s3.amazonaws.com/00D1I000000nqo4UAA/gwRAISvR_man4.PNG,false,true,false,,,,Member,Active,,a0M4W00000dcoXCUAY,,179,
a0L4W00000QzO57UAF,000000255,a0M4W00000dcoXCUAY,,2018-04-21,"Et harum quidem rerum facilis est et expedita distinctio. Nam libero tempore, cum soluta nobis est eligendi optio cumque nihil impedit quo minus id quod maxime placeat facere possimus, omnis voluptas assumenda est, omnis dolor repellendus. Ut enim ad minim veniam, quis nostrud exercitation ullamco laboris nisi ut aliquip ex ea commodo consequat. Duis aute irure dolor in reprehenderit in voluptate velit esse cillum dolore eu fugiat nulla pariatur.",,0034W00002DpoddQAB,,true,Verna Rice,,,,https://fonteva-customer-media.s3.amazonaws.com/00D30000000ndogEAA/WQRWHngq_GroupMemberWoman5.jpg,false,true,false,,,,Member,Active,,a0M4W00000dcoXCUAY,,136,
a0L4W00000QzO58UAF,000000256,a0M4W00000dcoXCUAY,,2018-04-21,"Et harum quidem rerum facilis est et expedita distinctio. Nam libero tempore, cum soluta nobis est eligendi optio cumque nihil impedit quo minus id quod maxime placeat facere possimus, omnis voluptas assumenda est, omnis dolor repellendus. Ut enim ad minim veniam, quis nostrud exercitation ullamco laboris nisi ut aliquip ex ea commodo consequat. Duis aute irure dolor in reprehenderit in voluptate velit esse cillum dolore eu fugiat nulla pariatur.",,0034W00002DpoftQAB,,true,Mason Patterson,,,,https://fonteva-customer-media.s3.amazonaws.com/00D1I000000nqo4UAA/DSdNmKXe_male2.PNG,false,true,false,,,,Member,Active,,a0M4W00000dcoXCUAY,,204,
a0L4W00000QzO59UAF,000000257,a0M4W00000dcoXCUAY,,2018-04-21,"Et harum quidem rerum facilis est et expedita distinctio. Nam libero tempore, cum soluta nobis est eligendi optio cumque nihil impedit quo minus id quod maxime placeat facere possimus, omnis voluptas assumenda est, omnis dolor repellendus. Ut enim ad minim veniam, quis nostrud exercitation ullamco laboris nisi ut aliquip ex ea commodo consequat. Duis aute irure dolor in reprehenderit in voluptate velit esse cillum dolore eu fugiat nulla pariatur.",,0034W00002Dpof1QAB,,true,Ryan Holland,,,,https://fonteva-customer-media.s3.amazonaws.com/00D1I000000nqo4UAA/nKmlQcOx_man9.PNG,false,true,false,,,,Member,Active,,a0M4W00000dcoXCUAY,,144,
a0L4W00000QzO5AUAV,000000258,a0M4W00000dcoXCUAY,,2018-04-21,"Et harum quidem rerum facilis est et expedita distinctio. Nam libero tempore, cum soluta nobis est eligendi optio cumque nihil impedit quo minus id quod maxime placeat facere possimus, omnis voluptas assumenda est, omnis dolor repellendus. Ut enim ad minim veniam, quis nostrud exercitation ullamco laboris nisi ut aliquip ex ea commodo consequat. Duis aute irure dolor in reprehenderit in voluptate velit esse cillum dolore eu fugiat nulla pariatur.",,0034W00002Dpof3QAB,,true,Francis Riley,,,,https://fonteva-customer-media.s3.amazonaws.com/00D1I000000nqo4UAA/JTQQLaCf_man5.PNG,false,true,false,,,,Member,Active,,a0M4W00000dcoXCUAY,,146,
a0L4W00000QzO5BUAV,000000259,a0M4W00000dcoXCUAY,,2018-04-21,"Et harum quidem rerum facilis est et expedita distinctio. Nam libero tempore, cum soluta nobis est eligendi optio cumque nihil impedit quo minus id quod maxime placeat facere possimus, omnis voluptas assumenda est, omnis dolor repellendus. Ut enim ad minim veniam, quis nostrud exercitation ullamco laboris nisi ut aliquip ex ea commodo consequat. Duis aute irure dolor in reprehenderit in voluptate velit esse cillum dolore eu fugiat nulla pariatur.",,0034W00002Dpof4QAB,,true,Wesley Diaz,,,,https://fonteva-customer-media.s3.amazonaws.com/00D1I000000nqo4UAA/kymGZrHw_man6.PNG,false,true,false,,,,Member,Active,,a0M4W00000dcoXCUAY,,147,
a0L4W00000QzO5CUAV,000000260,a0M4W00000dcoXCUAY,,2018-04-21,"Et harum quidem rerum facilis est et expedita distinctio. Nam libero tempore, cum soluta nobis est eligendi optio cumque nihil impedit quo minus id quod maxime placeat facere possimus, omnis voluptas assumenda est, omnis dolor repellendus. Ut enim ad minim veniam, quis nostrud exercitation ullamco laboris nisi ut aliquip ex ea commodo consequat. Duis aute irure dolor in reprehenderit in voluptate velit esse cillum dolore eu fugiat nulla pariatur.",,0034W00002Dpof0QAB,,true,Justin Pratt,,,,https://demo-tdm--c.na73.content.force.com/profilephoto/7291I000000Xcj6/F,false,true,false,,,,Member,Active,,a0M4W00000dcoXCUAY,,75,
a0L4W00000QzO5DUAV,000000262,a0M4W00000dcoXBUAY,,2018-04-21,"Et harum quidem rerum facilis est et expedita distinctio. Nam libero tempore, cum soluta nobis est eligendi optio cumque nihil impedit quo minus id quod maxime placeat facere possimus, omnis voluptas assumenda est, omnis dolor repellendus. Ut enim ad minim veniam, quis nostrud exercitation ullamco laboris nisi ut aliquip ex ea commodo consequat. Duis aute irure dolor in reprehenderit in voluptate velit esse cillum dolore eu fugiat nulla pariatur.",,0034W00002DpofpQAB,,true,Lizzie Mullins,,,,https://fonteva-customer-media.s3.amazonaws.com/00D30000000ndogEAA/cKjQDhJY_GroupMemberWoman1.jpg,false,true,false,,,,Member,Active,,a0M4W00000dcoXBUAY,,142,
a0L4W00000QzO5EUAV,000000263,a0M4W00000dcoXBUAY,,2018-04-21,"Et harum quidem rerum facilis est et expedita distinctio. Nam libero tempore, cum soluta nobis est eligendi optio cumque nihil impedit quo minus id quod maxime placeat facere possimus, omnis voluptas assumenda est, omnis dolor repellendus. Ut enim ad minim veniam, quis nostrud exercitation ullamco laboris nisi ut aliquip ex ea commodo consequat. Duis aute irure dolor in reprehenderit in voluptate velit esse cillum dolore eu fugiat nulla pariatur.",,0034W00002DpogEQAR,,true,Clarence Massey,,,,https://fonteva-customer-media.s3.amazonaws.com/00D1I000000nqo4UAA/DSdNmKXe_male2.PNG,false,true,false,,,,Member,Active,,a0M4W00000dcoXBUAY,,164,
a0L4W00000QzO5FUAV,000000264,a0M4W00000dcoXBUAY,,2018-04-21,"Et harum quidem rerum facilis est et expedita distinctio. Nam libero tempore, cum soluta nobis est eligendi optio cumque nihil impedit quo minus id quod maxime placeat facere possimus, omnis voluptas assumenda est, omnis dolor repellendus. Ut enim ad minim veniam, quis nostrud exercitation ullamco laboris nisi ut aliquip ex ea commodo consequat. Duis aute irure dolor in reprehenderit in voluptate velit esse cillum dolore eu fugiat nulla pariatur.",,0034W00002DpogIQAR,,true,Elsie Burns,,,,https://fonteva-customer-media.s3.amazonaws.com/00D1I000000nqo4UAA/QrHdNVxO_female5.PNG,false,true,false,,,,Member,Active,,a0M4W00000dcoXBUAY,,168,
a0L4W00000QzO5GUAV,000000265,a0M4W00000dcoXBUAY,,2018-04-21,"Et harum quidem rerum facilis est et expedita distinctio. Nam libero tempore, cum soluta nobis est eligendi optio cumque nihil impedit quo minus id quod maxime placeat facere possimus, omnis voluptas assumenda est, omnis dolor repellendus. Ut enim ad minim veniam, quis nostrud exercitation ullamco laboris nisi ut aliquip ex ea commodo consequat. Duis aute irure dolor in reprehenderit in voluptate velit esse cillum dolore eu fugiat nulla pariatur.",,0034W00002DpofQQAR,,true,Marguerite Potter,,,,https://fonteva-customer-media.s3.amazonaws.com/00D1I000000nqo4UAA/OUKNFxbs_Female2.PNG,false,true,false,,,,Member,Active,,a0M4W00000dcoXBUAY,,172,
a0L4W00000QzO5HUAV,000000266,a0M4W00000dcoXBUAY,,2018-04-21,"Et harum quidem rerum facilis est et expedita distinctio. Nam libero tempore, cum soluta nobis est eligendi optio cumque nihil impedit quo minus id quod maxime placeat facere possimus, omnis voluptas assumenda est, omnis dolor repellendus. Ut enim ad minim veniam, quis nostrud exercitation ullamco laboris nisi ut aliquip ex ea commodo consequat. Duis aute irure dolor in reprehenderit in voluptate velit esse cillum dolore eu fugiat nulla pariatur.",,0034W00002DpofZQAR,,true,Nellie Jensen,,,,https://fonteva-customer-media.s3.amazonaws.com/00D1I000000nqo4UAA/OkOxooLd_femal4.PNG,false,true,false,,,,Member,Active,,a0M4W00000dcoXBUAY,,181,
a0L4W00000QzO5IUAV,000000267,a0M4W00000dcoXBUAY,,2018-04-21,"Et harum quidem rerum facilis est et expedita distinctio. Nam libero tempore, cum soluta nobis est eligendi optio cumque nihil impedit quo minus id quod maxime placeat facere possimus, omnis voluptas assumenda est, omnis dolor repellendus. Ut enim ad minim veniam, quis nostrud exercitation ullamco laboris nisi ut aliquip ex ea commodo consequat. Duis aute irure dolor in reprehenderit in voluptate velit esse cillum dolore eu fugiat nulla pariatur.",,0034W00002DpofdQAB,,true,Chris Bennett,,,,https://fonteva-customer-media.s3.amazonaws.com/00D1I000000nqo4UAA/gwRAISvR_man4.PNG,false,true,false,,,,Member,Active,,a0M4W00000dcoXBUAY,,185,
a0L4W00000QzO5JUAV,000000268,a0M4W00000dcoXBUAY,,2018-04-21,"Et harum quidem rerum facilis est et expedita distinctio. Nam libero tempore, cum soluta nobis est eligendi optio cumque nihil impedit quo minus id quod maxime placeat facere possimus, omnis voluptas assumenda est, omnis dolor repellendus. Ut enim ad minim veniam, quis nostrud exercitation ullamco laboris nisi ut aliquip ex ea commodo consequat. Duis aute irure dolor in reprehenderit in voluptate velit esse cillum dolore eu fugiat nulla pariatur.",,0034W00002DpofmQAB,,true,Aaron Marsh,,,,https://fonteva-customer-media.s3.amazonaws.com/00D1I000000nqo4UAA/kymGZrHw_man6.PNG,false,true,false,,,,Member,Active,,a0M4W00000dcoXBUAY,,139,
a0L4W00000QzO5KUAV,000000269,a0M4W00000dcoXBUAY,,2018-04-21,"Et harum quidem rerum facilis est et expedita distinctio. Nam libero tempore, cum soluta nobis est eligendi optio cumque nihil impedit quo minus id quod maxime placeat facere possimus, omnis voluptas assumenda est, omnis dolor repellendus. Ut enim ad minim veniam, quis nostrud exercitation ullamco laboris nisi ut aliquip ex ea commodo consequat. Duis aute irure dolor in reprehenderit in voluptate velit esse cillum dolore eu fugiat nulla pariatur.",,0034W00002DpofuQAB,,true,Winifred Fields,,,,https://fonteva-customer-media.s3.amazonaws.com/00D30000000ndogEAA/jfLsaJpR_SpeakerWoman2.jpg,false,true,false,,,,Member,Active,,a0M4W00000dcoXBUAY,,205,
a0L4W00000QzO5LUAV,000000270,a0M4W00000dcoXBUAY,,2018-04-21,"Et harum quidem rerum facilis est et expedita distinctio. Nam libero tempore, cum soluta nobis est eligendi optio cumque nihil impedit quo minus id quod maxime placeat facere possimus, omnis voluptas assumenda est, omnis dolor repellendus. Ut enim ad minim veniam, quis nostrud exercitation ullamco laboris nisi ut aliquip ex ea commodo consequat. Duis aute irure dolor in reprehenderit in voluptate velit esse cillum dolore eu fugiat nulla pariatur.",,0034W00002Dpog3QAB,,true,Milton Pena,,,,https://fonteva-customer-media.s3.amazonaws.com/00D30000000ndogEAA/kffeXAfx_GroupMemberMan1.jpg,false,true,false,,,,Member,Active,,a0M4W00000dcoXBUAY,,239,
