Id,ProgramApi__Program_Profile__c,Name,External_Id__c,ProgramApi__Goal_Description__c,ProgramApi__Navigation_URL__c,ProgramApi__Profile_Account__c,ProgramApi__Profile_Contact__c,ProgramApi__Publish__c,ProgramApi__Requirement_Title__c,ProgramApi__Requirement__c,ProgramApi__Result__c,ProgramApi__Status__c,ProgramApi__Term__c,ProgramApi__Program_Profile__r.External_Id__c,ProgramApi__Requirement__r.Id,ProgramApi__Term__r.External_Id__c
a1s4W000006VeIyQAK,a1t4W0000051F0EQAU,PG-00144,1,The certification process begins once you fill out this form.,https://us-tdm-tso-15eb63ff4c6-1626e3c741a.force.com/cpbase__form?ID=a0S6A000001F2Yt,"EUT-XYZ, Inc. 11",Sabrina Crawley 11,true,Registration Form,a1x4W000005QM72QAG,,Complete,a1u4W000004LLHCQA4,1,a1x4W000005QM72QAG,13
a1s4W000006VeIzQAK,a1t4W0000051F0EQAU,PG-00145,2,,#,"EUT-XYZ, Inc. 11",Sabrina Crawley 11,true,Course: Advanced Vaulting Teaching Techniques,a1x4W000005QM73QAG,,Incomplete,a1u4W000004LLHCQA4,1,a1x4W000005QM73QAG,13
a1s4W000006VeJ0QAK,a1t4W0000051F0EQAU,PG-00146,3,,#,"EUT-XYZ, Inc. 11",Sabrina Crawley 11,true,Course: Vaulting with Confidence and Instilling it in Others,a1x4W000005QM74QAG,,Incomplete,a1u4W000004LLHCQA4,1,a1x4W000005QM74QAG,13
a1s4W000006VeJ1QAK,a1t4W0000051F0EQAU,PG-00147,4,You must complete this exam to aquire your accreditation.,#,"EUT-XYZ, Inc. 11",Sabrina Crawley 11,true,Exam: IVI Exam,a1x4W000005QM75QAG,,Incomplete,a1u4W000004LLHCQA4,1,a1x4W000005QM75QAG,13
a1s4W000006VeJ2QAK,a1t4W0000051F0FQAU,PG-00148,5,The certification process begins once you fill out this form.,https://us-tdm-tso-15eb63ff4c6-1626e3c741a.force.com/cpbase__form?ID=a0S6A000001F2Yt,"EUT-XYZ, Inc. 12",Sabrina Crawley 12,true,Registration Form,a1x4W000005QM72QAG,,Complete,a1u4W000004LLHDQA4,2,a1x4W000005QM72QAG,14
a1s4W000006VeJ3QAK,a1t4W0000051F0FQAU,PG-00149,6,,#,"EUT-XYZ, Inc. 12",Sabrina Crawley 12,true,Course: Advanced Vaulting Teaching Techniques,a1x4W000005QM73QAG,,Incomplete,a1u4W000004LLHDQA4,2,a1x4W000005QM73QAG,14
a1s4W000006VeJ4QAK,a1t4W0000051F0FQAU,PG-00150,7,,#,"EUT-XYZ, Inc. 12",Sabrina Crawley 12,true,Course: Vaulting with Confidence and Instilling it in Others,a1x4W000005QM74QAG,,Incomplete,a1u4W000004LLHDQA4,2,a1x4W000005QM74QAG,14
a1s4W000006VeJ5QAK,a1t4W0000051F0FQAU,PG-00151,8,You must complete this exam to aquire your accreditation.,#,"EUT-XYZ, Inc. 12",Sabrina Crawley 12,true,Exam: IVI Exam,a1x4W000005QM75QAG,,Incomplete,a1u4W000004LLHDQA4,2,a1x4W000005QM75QAG,14
a1s4W000006VeJ6QAK,a1t4W0000051F0HQAU,PG-00152,9,The certification process begins once you fill out this form.,https://us-tdm-tso-15eb63ff4c6-1626e3c741a.force.com/cpbase__form?ID=a0S6A000001F2Yt,"EUT-XYZ, Inc. 13",Sabrina Crawley 13,true,Registration Form,a1x4W000005QM72QAG,,Complete,a1u4W000004LLHEQA4,3,a1x4W000005QM72QAG,15
a1s4W000006VeJ7QAK,a1t4W0000051F0HQAU,PG-00153,10,,#,"EUT-XYZ, Inc. 13",Sabrina Crawley 13,true,Course: Advanced Vaulting Teaching Techniques,a1x4W000005QM73QAG,,Incomplete,a1u4W000004LLHEQA4,3,a1x4W000005QM73QAG,15
a1s4W000006VeJ8QAK,a1t4W0000051F0HQAU,PG-00154,11,,#,"EUT-XYZ, Inc. 13",Sabrina Crawley 13,true,Course: Vaulting with Confidence and Instilling it in Others,a1x4W000005QM74QAG,,Incomplete,a1u4W000004LLHEQA4,3,a1x4W000005QM74QAG,15
a1s4W000006VeJ9QAK,a1t4W0000051F0HQAU,PG-00155,12,You must complete this exam to aquire your accreditation.,#,"EUT-XYZ, Inc. 13",Sabrina Crawley 13,true,Exam: IVI Exam,a1x4W000005QM75QAG,,Incomplete,a1u4W000004LLHEQA4,3,a1x4W000005QM75QAG,15
a1s4W000006VeJAQA0,a1t4W0000051F0IQAU,PG-00156,13,The certification process begins once you fill out this form.,https://us-tdm-tso-15eb63ff4c6-1626e3c741a.force.com/cpbase__form?ID=a0S6A000001F2Yt,"EUT-XYZ, Inc. 14",Sabrina Crawley 14,true,Registration Form,a1x4W000005QM72QAG,,Complete,a1u4W000004LLHFQA4,4,a1x4W000005QM72QAG,16
a1s4W000006VeJBQA0,a1t4W0000051F0IQAU,PG-00157,14,,#,"EUT-XYZ, Inc. 14",Sabrina Crawley 14,true,Course: Advanced Vaulting Teaching Techniques,a1x4W000005QM73QAG,,Incomplete,a1u4W000004LLHFQA4,4,a1x4W000005QM73QAG,16
a1s4W000006VeJCQA0,a1t4W0000051F0IQAU,PG-00158,15,,#,"EUT-XYZ, Inc. 14",Sabrina Crawley 14,true,Course: Vaulting with Confidence and Instilling it in Others,a1x4W000005QM74QAG,,Incomplete,a1u4W000004LLHFQA4,4,a1x4W000005QM74QAG,16
a1s4W000006VeJDQA0,a1t4W0000051F0IQAU,PG-00159,16,You must complete this exam to aquire your accreditation.,#,"EUT-XYZ, Inc. 14",Sabrina Crawley 14,true,Exam: IVI Exam,a1x4W000005QM75QAG,,Incomplete,a1u4W000004LLHFQA4,4,a1x4W000005QM75QAG,16
a1s4W000006VeJEQA0,a1t4W0000051F0GQAU,PG-00160,17,The certification process begins once you fill out this form.,https://us-tdm-tso-15eb63ff4c6-1626e3c741a.force.com/cpbase__form?ID=a0S6A000001F2Yt,"EUT-XYZ, Inc. 15",Sabrina Crawley 15,true,Registration Form,a1x4W000005QM72QAG,,Complete,a1u4W000004LLHGQA4,5,a1x4W000005QM72QAG,17
a1s4W000006VeJFQA0,a1t4W0000051F0GQAU,PG-00161,18,,#,"EUT-XYZ, Inc. 15",Sabrina Crawley 15,true,Course: Advanced Vaulting Teaching Techniques,a1x4W000005QM73QAG,,Incomplete,a1u4W000004LLHGQA4,5,a1x4W000005QM73QAG,17
a1s4W000006VeJGQA0,a1t4W0000051F0GQAU,PG-00162,19,,#,"EUT-XYZ, Inc. 15",Sabrina Crawley 15,true,Course: Vaulting with Confidence and Instilling it in Others,a1x4W000005QM74QAG,,Incomplete,a1u4W000004LLHGQA4,5,a1x4W000005QM74QAG,17
a1s4W000006VeJHQA0,a1t4W0000051F0GQAU,PG-00163,20,You must complete this exam to aquire your accreditation.,#,"EUT-XYZ, Inc. 15",Sabrina Crawley 15,true,Exam: IVI Exam,a1x4W000005QM75QAG,,Incomplete,a1u4W000004LLHGQA4,5,a1x4W000005QM75QAG,17
a1s4W000006VeJIQA0,a1t4W0000051F03QAE,PG-00100,21,The certification process begins once you fill out this form.,https://us-tdm-tso-15eb63ff4c6-1626e3c741a.force.com/cpbase__form?ID=a0S6A000001F2Yt,"EUT-XYZ, Inc. 0",Sabrina Crawley 0,true,Registration Form,a1x4W000005QM72QAG,,Complete,a1u4W000004LLH0QAO,6,a1x4W000005QM72QAG,1
a1s4W000006VeJJQA0,a1t4W0000051F03QAE,PG-00101,22,,#,"EUT-XYZ, Inc. 0",Sabrina Crawley 0,true,Course: Advanced Vaulting Teaching Techniques,a1x4W000005QM73QAG,,Incomplete,a1u4W000004LLH0QAO,6,a1x4W000005QM73QAG,1
a1s4W000006VeJKQA0,a1t4W0000051F03QAE,PG-00102,23,,#,"EUT-XYZ, Inc. 0",Sabrina Crawley 0,true,Course: Vaulting with Confidence and Instilling it in Others,a1x4W000005QM74QAG,,Incomplete,a1u4W000004LLH0QAO,6,a1x4W000005QM74QAG,1
a1s4W000006VeJLQA0,a1t4W0000051F03QAE,PG-00103,24,You must complete this exam to aquire your accreditation.,#,"EUT-XYZ, Inc. 0",Sabrina Crawley 0,true,Exam: IVI Exam,a1x4W000005QM75QAG,,Incomplete,a1u4W000004LLH0QAO,6,a1x4W000005QM75QAG,1
a1s4W000006VeJMQA0,a1t4W0000051F04QAE,PG-00104,25,The certification process begins once you fill out this form.,https://us-tdm-tso-15eb63ff4c6-1626e3c741a.force.com/cpbase__form?ID=a0S6A000001F2Yt,"EUT-XYZ, Inc. 6",Sabrina Crawley 6,true,Registration Form,a1x4W000005QM72QAG,,Complete,a1u4W000004LLH1QAO,7,a1x4W000005QM72QAG,2
a1s4W000006VeJNQA0,a1t4W0000051F04QAE,PG-00105,26,,#,"EUT-XYZ, Inc. 6",Sabrina Crawley 6,true,Course: Advanced Vaulting Teaching Techniques,a1x4W000005QM73QAG,,Incomplete,a1u4W000004LLH1QAO,7,a1x4W000005QM73QAG,2
a1s4W000006VeJOQA0,a1t4W0000051F04QAE,PG-00106,27,,#,"EUT-XYZ, Inc. 6",Sabrina Crawley 6,true,Course: Vaulting with Confidence and Instilling it in Others,a1x4W000005QM74QAG,,Incomplete,a1u4W000004LLH1QAO,7,a1x4W000005QM74QAG,2
a1s4W000006VeJPQA0,a1t4W0000051F04QAE,PG-00107,28,You must complete this exam to aquire your accreditation.,#,"EUT-XYZ, Inc. 6",Sabrina Crawley 6,true,Exam: IVI Exam,a1x4W000005QM75QAG,,Incomplete,a1u4W000004LLH1QAO,7,a1x4W000005QM75QAG,2
a1s4W000006VeJQQA0,a1t4W0000051F05QAE,PG-00108,29,The certification process begins once you fill out this form.,https://us-tdm-tso-15eb63ff4c6-1626e3c741a.force.com/cpbase__form?ID=a0S6A000001F2Yt,"EUT-XYZ, Inc. 7",Sabrina Crawley 7,true,Registration Form,a1x4W000005QM72QAG,,Complete,a1u4W000004LLH2QAO,8,a1x4W000005QM72QAG,3
a1s4W000006VeJRQA0,a1t4W0000051F05QAE,PG-00109,30,,#,"EUT-XYZ, Inc. 7",Sabrina Crawley 7,true,Course: Advanced Vaulting Teaching Techniques,a1x4W000005QM73QAG,,Incomplete,a1u4W000004LLH2QAO,8,a1x4W000005QM73QAG,3
a1s4W000006VeJSQA0,a1t4W0000051F05QAE,PG-00110,31,,#,"EUT-XYZ, Inc. 7",Sabrina Crawley 7,true,Course: Vaulting with Confidence and Instilling it in Others,a1x4W000005QM74QAG,,Incomplete,a1u4W000004LLH2QAO,8,a1x4W000005QM74QAG,3
a1s4W000006VeJTQA0,a1t4W0000051F05QAE,PG-00111,32,You must complete this exam to aquire your accreditation.,#,"EUT-XYZ, Inc. 7",Sabrina Crawley 7,true,Exam: IVI Exam,a1x4W000005QM75QAG,,Incomplete,a1u4W000004LLH2QAO,8,a1x4W000005QM75QAG,3
a1s4W000006VeJUQA0,a1t4W0000051F06QAE,PG-00112,33,The certification process begins once you fill out this form.,https://us-tdm-tso-15eb63ff4c6-1626e3c741a.force.com/cpbase__form?ID=a0S6A000001F2Yt,"EUT-XYZ, Inc. 8",Sabrina Crawley 8,true,Registration Form,a1x4W000005QM72QAG,,Complete,a1u4W000004LLH3QAO,9,a1x4W000005QM72QAG,4
a1s4W000006VeJVQA0,a1t4W0000051F06QAE,PG-00113,34,,#,"EUT-XYZ, Inc. 8",Sabrina Crawley 8,true,Course: Advanced Vaulting Teaching Techniques,a1x4W000005QM73QAG,,Incomplete,a1u4W000004LLH3QAO,9,a1x4W000005QM73QAG,4
a1s4W000006VeJWQA0,a1t4W0000051F06QAE,PG-00114,35,,#,"EUT-XYZ, Inc. 8",Sabrina Crawley 8,true,Course: Vaulting with Confidence and Instilling it in Others,a1x4W000005QM74QAG,,Incomplete,a1u4W000004LLH3QAO,9,a1x4W000005QM74QAG,4
a1s4W000006VeJXQA0,a1t4W0000051F06QAE,PG-00115,36,You must complete this exam to aquire your accreditation.,#,"EUT-XYZ, Inc. 8",Sabrina Crawley 8,true,Exam: IVI Exam,a1x4W000005QM75QAG,,Incomplete,a1u4W000004LLH3QAO,9,a1x4W000005QM75QAG,4
a1s4W000006VeJYQA0,a1t4W0000051F07QAE,PG-00116,37,The certification process begins once you fill out this form.,https://us-tdm-tso-15eb63ff4c6-1626e3c741a.force.com/cpbase__form?ID=a0S6A000001F2Yt,"EUT-XYZ, Inc. 9",Sabrina Crawley 9,true,Registration Form,a1x4W000005QM72QAG,,Complete,a1u4W000004LLH4QAO,10,a1x4W000005QM72QAG,5
a1s4W000006VeJZQA0,a1t4W0000051F07QAE,PG-00117,38,,#,"EUT-XYZ, Inc. 9",Sabrina Crawley 9,true,Course: Advanced Vaulting Teaching Techniques,a1x4W000005QM73QAG,,Incomplete,a1u4W000004LLH4QAO,10,a1x4W000005QM73QAG,5
a1s4W000006VeJaQAK,a1t4W0000051F07QAE,PG-00118,39,,#,"EUT-XYZ, Inc. 9",Sabrina Crawley 9,true,Course: Vaulting with Confidence and Instilling it in Others,a1x4W000005QM74QAG,,Incomplete,a1u4W000004LLH4QAO,10,a1x4W000005QM74QAG,5
a1s4W000006VeJbQAK,a1t4W0000051F07QAE,PG-00119,40,You must complete this exam to aquire your accreditation.,#,"EUT-XYZ, Inc. 9",Sabrina Crawley 9,true,Exam: IVI Exam,a1x4W000005QM75QAG,,Incomplete,a1u4W000004LLH4QAO,10,a1x4W000005QM75QAG,5
a1s4W000006VeJcQAK,a1t4W0000051F08QAE,PG-00120,41,The certification process begins once you fill out this form.,https://us-tdm-tso-15eb63ff4c6-1626e3c741a.force.com/cpbase__form?ID=a0S6A000001F2Yt,"EUT-XYZ, Inc. 10",Sabrina Crawley 10,true,Registration Form,a1x4W000005QM72QAG,,Complete,a1u4W000004LLH5QAO,11,a1x4W000005QM72QAG,6
a1s4W000006VeJdQAK,a1t4W0000051F08QAE,PG-00121,42,,#,"EUT-XYZ, Inc. 10",Sabrina Crawley 10,true,Course: Advanced Vaulting Teaching Techniques,a1x4W000005QM73QAG,,Incomplete,a1u4W000004LLH5QAO,11,a1x4W000005QM73QAG,6
a1s4W000006VeJeQAK,a1t4W0000051F08QAE,PG-00122,43,,#,"EUT-XYZ, Inc. 10",Sabrina Crawley 10,true,Course: Vaulting with Confidence and Instilling it in Others,a1x4W000005QM74QAG,,Incomplete,a1u4W000004LLH5QAO,11,a1x4W000005QM74QAG,6
a1s4W000006VeJfQAK,a1t4W0000051F08QAE,PG-00123,44,You must complete this exam to aquire your accreditation.,#,"EUT-XYZ, Inc. 10",Sabrina Crawley 10,true,Exam: IVI Exam,a1x4W000005QM75QAG,,Incomplete,a1u4W000004LLH5QAO,11,a1x4W000005QM75QAG,6
a1s4W000006VeJgQAK,a1t4W0000051F09QAE,PG-00124,45,The certification process begins once you fill out this form.,https://us-tdm-tso-15eb63ff4c6-1626e3c741a.force.com/cpbase__form?ID=a0S6A000001F2Yt,"EUT-XYZ, Inc. 1",Sabrina Crawley 1,true,Registration Form,a1x4W000005QM72QAG,,Complete,a1u4W000004LLH6QAO,12,a1x4W000005QM72QAG,7
a1s4W000006VeJhQAK,a1t4W0000051F09QAE,PG-00125,46,,#,"EUT-XYZ, Inc. 1",Sabrina Crawley 1,true,Course: Advanced Vaulting Teaching Techniques,a1x4W000005QM73QAG,,Incomplete,a1u4W000004LLH6QAO,12,a1x4W000005QM73QAG,7
a1s4W000006VeJiQAK,a1t4W0000051F09QAE,PG-00126,47,,#,"EUT-XYZ, Inc. 1",Sabrina Crawley 1,true,Course: Vaulting with Confidence and Instilling it in Others,a1x4W000005QM74QAG,,Incomplete,a1u4W000004LLH6QAO,12,a1x4W000005QM74QAG,7
a1s4W000006VeJjQAK,a1t4W0000051F09QAE,PG-00127,48,You must complete this exam to aquire your accreditation.,#,"EUT-XYZ, Inc. 1",Sabrina Crawley 1,true,Exam: IVI Exam,a1x4W000005QM75QAG,,Incomplete,a1u4W000004LLH6QAO,12,a1x4W000005QM75QAG,7
a1s4W000006VeJkQAK,a1t4W0000051F0AQAU,PG-00128,49,The certification process begins once you fill out this form.,https://us-tdm-tso-15eb63ff4c6-1626e3c741a.force.com/cpbase__form?ID=a0S6A000001F2Yt,"EUT-XYZ, Inc. 2",Sabrina Crawley 2,true,Registration Form,a1x4W000005QM72QAG,,Complete,a1u4W000004LLH7QAO,13,a1x4W000005QM72QAG,8
a1s4W000006VeJlQAK,a1t4W0000051F0AQAU,PG-00129,50,,#,"EUT-XYZ, Inc. 2",Sabrina Crawley 2,true,Course: Advanced Vaulting Teaching Techniques,a1x4W000005QM73QAG,,Incomplete,a1u4W000004LLH7QAO,13,a1x4W000005QM73QAG,8
a1s4W000006VeJmQAK,a1t4W0000051F0AQAU,PG-00130,51,,#,"EUT-XYZ, Inc. 2",Sabrina Crawley 2,true,Course: Vaulting with Confidence and Instilling it in Others,a1x4W000005QM74QAG,,Incomplete,a1u4W000004LLH7QAO,13,a1x4W000005QM74QAG,8
a1s4W000006VeJnQAK,a1t4W0000051F0AQAU,PG-00131,52,You must complete this exam to aquire your accreditation.,#,"EUT-XYZ, Inc. 2",Sabrina Crawley 2,true,Exam: IVI Exam,a1x4W000005QM75QAG,,Incomplete,a1u4W000004LLH7QAO,13,a1x4W000005QM75QAG,8
a1s4W000006VeJoQAK,a1t4W0000051F0BQAU,PG-00132,53,The certification process begins once you fill out this form.,https://us-tdm-tso-15eb63ff4c6-1626e3c741a.force.com/cpbase__form?ID=a0S6A000001F2Yt,"EUT-XYZ, Inc. 3",Sabrina Crawley 3,true,Registration Form,a1x4W000005QM72QAG,,Complete,a1u4W000004LLH8QAO,14,a1x4W000005QM72QAG,9
a1s4W000006VeJpQAK,a1t4W0000051F0BQAU,PG-00133,54,,#,"EUT-XYZ, Inc. 3",Sabrina Crawley 3,true,Course: Advanced Vaulting Teaching Techniques,a1x4W000005QM73QAG,,Incomplete,a1u4W000004LLH8QAO,14,a1x4W000005QM73QAG,9
a1s4W000006VeJqQAK,a1t4W0000051F0BQAU,PG-00134,55,,#,"EUT-XYZ, Inc. 3",Sabrina Crawley 3,true,Course: Vaulting with Confidence and Instilling it in Others,a1x4W000005QM74QAG,,Incomplete,a1u4W000004LLH8QAO,14,a1x4W000005QM74QAG,9
a1s4W000006VeJrQAK,a1t4W0000051F0BQAU,PG-00135,56,You must complete this exam to aquire your accreditation.,#,"EUT-XYZ, Inc. 3",Sabrina Crawley 3,true,Exam: IVI Exam,a1x4W000005QM75QAG,,Incomplete,a1u4W000004LLH8QAO,14,a1x4W000005QM75QAG,9
a1s4W000006VeJsQAK,a1t4W0000051F0CQAU,PG-00136,57,The certification process begins once you fill out this form.,https://us-tdm-tso-15eb63ff4c6-1626e3c741a.force.com/cpbase__form?ID=a0S6A000001F2Yt,"EUT-XYZ, Inc. 4",Sabrina Crawley 4,true,Registration Form,a1x4W000005QM72QAG,,Complete,a1u4W000004LLH9QAO,15,a1x4W000005QM72QAG,10
a1s4W000006VeJtQAK,a1t4W0000051F0CQAU,PG-00137,58,,#,"EUT-XYZ, Inc. 4",Sabrina Crawley 4,true,Course: Advanced Vaulting Teaching Techniques,a1x4W000005QM73QAG,,Incomplete,a1u4W000004LLH9QAO,15,a1x4W000005QM73QAG,10
a1s4W000006VeJuQAK,a1t4W0000051F0CQAU,PG-00138,59,,#,"EUT-XYZ, Inc. 4",Sabrina Crawley 4,true,Course: Vaulting with Confidence and Instilling it in Others,a1x4W000005QM74QAG,,Incomplete,a1u4W000004LLH9QAO,15,a1x4W000005QM74QAG,10
a1s4W000006VeJvQAK,a1t4W0000051F0CQAU,PG-00139,60,You must complete this exam to aquire your accreditation.,#,"EUT-XYZ, Inc. 4",Sabrina Crawley 4,true,Exam: IVI Exam,a1x4W000005QM75QAG,,Incomplete,a1u4W000004LLH9QAO,15,a1x4W000005QM75QAG,10
a1s4W000006VeJwQAK,a1t4W0000051F0DQAU,PG-00140,61,The certification process begins once you fill out this form.,https://us-tdm-tso-15eb63ff4c6-1626e3c741a.force.com/cpbase__form?ID=a0S6A000001F2Yt,"EUT-XYZ, Inc. 5",Sabrina Crawley 5,true,Registration Form,a1x4W000005QM72QAG,,Complete,a1u4W000004LLHAQA4,16,a1x4W000005QM72QAG,11
a1s4W000006VeJxQAK,a1t4W0000051F0DQAU,PG-00141,62,,#,"EUT-XYZ, Inc. 5",Sabrina Crawley 5,true,Course: Advanced Vaulting Teaching Techniques,a1x4W000005QM73QAG,,Incomplete,a1u4W000004LLHAQA4,16,a1x4W000005QM73QAG,11
a1s4W000006VeJyQAK,a1t4W0000051F0DQAU,PG-00142,63,,#,"EUT-XYZ, Inc. 5",Sabrina Crawley 5,true,Course: Vaulting with Confidence and Instilling it in Others,a1x4W000005QM74QAG,,Incomplete,a1u4W000004LLHAQA4,16,a1x4W000005QM74QAG,11
a1s4W000006VeJzQAK,a1t4W0000051F0DQAU,PG-00143,64,You must complete this exam to aquire your accreditation.,#,"EUT-XYZ, Inc. 5",Sabrina Crawley 5,true,Exam: IVI Exam,a1x4W000005QM75QAG,,Incomplete,a1u4W000004LLHAQA4,16,a1x4W000005QM75QAG,11
a1s4W000006VeK0QAK,a1t4W0000051F0JQAU,PG-00164,65,The certification process begins once you fill out this form.,https://us-tdm-tso-15eb63ff4c6-1626e3c741a.force.com/cpbase__form?ID=a0S6A000001F2Yt,FON-BrewTeaful Coffee and Tea,Joe Brewer,true,Registration Form,a1x4W000005QM72QAG,,Complete,a1u4W000004LLHBQA4,17,a1x4W000005QM72QAG,12
a1s4W000006VeK1QAK,a1t4W0000051F0JQAU,PG-00165,66,,#,FON-BrewTeaful Coffee and Tea,Joe Brewer,true,Course: Advanced Vaulting Teaching Techniques,a1x4W000005QM73QAG,,Incomplete,a1u4W000004LLHBQA4,17,a1x4W000005QM73QAG,12
a1s4W000006VeK2QAK,a1t4W0000051F0JQAU,PG-00166,67,,#,FON-BrewTeaful Coffee and Tea,Joe Brewer,true,Course: Vaulting with Confidence and Instilling it in Others,a1x4W000005QM74QAG,,Incomplete,a1u4W000004LLHBQA4,17,a1x4W000005QM74QAG,12
a1s4W000006VeK3QAK,a1t4W0000051F0JQAU,PG-00167,68,You must complete this exam to aquire your accreditation.,#,FON-BrewTeaful Coffee and Tea,Joe Brewer,true,Exam: IVI Exam,a1x4W000005QM75QAG,,Incomplete,a1u4W000004LLHBQA4,17,a1x4W000005QM75QAG,12
a1s4W000006VeK4QAK,a1t4W0000051F0NQAU,PG-00050,69,The certification process begins once you fill out this form.,https://us-tdm-tso-15eb63ff4c6.force.com/CPBase__form?id=a0S1I00000095tuUAA,Initech,Bob Kelley,true,Registration Form,a1x4W000005QM6zQAG,,Incomplete,a1u4W000004LLHIQA4,21,a1x4W000005QM6zQAG,19
a1s4W000006VeK5QAK,a1t4W0000051F0NQAU,PG-00051,70,Click to apply for your site visit and choose from available days.  We will confirm your scheduled visit and this task will be marked complete when the visit is completed and passed.,#,Initech,Bob Kelley,true,Site Visit,a1x4W000005QM70QAG,,Incomplete,a1u4W000004LLHIQA4,21,a1x4W000005QM70QAG,19
a1s4W000006VeK6QAK,a1t4W0000051F0NQAU,PG-00052,71,You must complete the course prior to your site visit.,https://us-tdm-tso-15eb63ff4c6-1626e3c741a.force.com/cpbase__form?ID=a0S6A000001F2Yt,Initech,Bob Kelley,true,Course,a1x4W000005QM71QAG,,Incomplete,a1u4W000004LLHIQA4,21,a1x4W000005QM71QAG,19
a1s4W000006VeK7QAK,a1t4W0000051F0OQAU,PG-00053,72,The certification process begins once you fill out this form.,https://us-tdm-tso-15eb63ff4c6-1626e3c741a.force.com/cpbase__form?ID=a0S6A000001F2Yt,ABC Corporation,Bob Kelley,true,Registration Form,a1x4W000005QM72QAG,,Complete,a1u4W000004LLHJQA4,22,a1x4W000005QM72QAG,20
a1s4W000006VeK8QAK,a1t4W0000051F0OQAU,PG-00054,73,,#,ABC Corporation,Bob Kelley,true,Course: Advanced Vaulting Teaching Techniques,a1x4W000005QM73QAG,,Incomplete,a1u4W000004LLHJQA4,22,a1x4W000005QM73QAG,20
a1s4W000006VeK9QAK,a1t4W0000051F0OQAU,PG-00055,74,,#,ABC Corporation,Bob Kelley,true,Course: Vaulting with Confidence and Instilling it in Others,a1x4W000005QM74QAG,,Incomplete,a1u4W000004LLHJQA4,22,a1x4W000005QM74QAG,20
a1s4W000006VeKAQA0,a1t4W0000051F0OQAU,PG-00056,75,You must complete this exam to aquire your accreditation.,#,ABC Corporation,Bob Kelley,true,Exam: IVI Exam,a1x4W000005QM75QAG,,Incomplete,a1u4W000004LLHJQA4,22,a1x4W000005QM75QAG,20
a1s4W000006VeKBQA0,a1t4W0000051F0KQAU,PG-00057,76,The certification process begins once you fill out this form.,https://us-tdm-tso-15eb63ff4c6-1626e3c741a.force.com/cpbase__form?ID=a0S6A000001F2Yt,ABC Corportation,Justin Pratt,true,Registration Form,a1x4W000005QM72QAG,,Incomplete,a1u4W000004LLHHQA4,18,a1x4W000005QM72QAG,18
a1s4W000006VeKCQA0,a1t4W0000051F0KQAU,PG-00058,77,,#,ABC Corportation,Justin Pratt,true,Course: Advanced Vaulting Teaching Techniques,a1x4W000005QM73QAG,,Incomplete,a1u4W000004LLHHQA4,18,a1x4W000005QM73QAG,18
a1s4W000006VeKDQA0,a1t4W0000051F0KQAU,PG-00059,78,,#,ABC Corportation,Justin Pratt,true,Course: Vaulting with Confidence and Instilling it in Others,a1x4W000005QM74QAG,,Incomplete,a1u4W000004LLHHQA4,18,a1x4W000005QM74QAG,18
a1s4W000006VeKEQA0,a1t4W0000051F0KQAU,PG-00060,79,You must complete this exam to aquire your accreditation.,#,ABC Corportation,Justin Pratt,true,Exam: IVI Exam,a1x4W000005QM75QAG,,Incomplete,a1u4W000004LLHHQA4,18,a1x4W000005QM75QAG,18
a1s4W000006VeKFQA0,,PG-00061,80,The certification process begins once you fill out this form.,https://us-tdm-tso-15eb63ff4c6.force.com/CPBase__form?id=a0S1I00000095tuUAA,National Association Guest Checkout Account,das das,true,Registration Form,a1x4W000005QM72QAG,,Incomplete,a1u4W000004LLHOQA4,,a1x4W000005QM72QAG,22
a1s4W000006VeKGQA0,,PG-00062,81,,#,National Association Guest Checkout Account,das das,true,Course: Advanced Vaulting Teaching Techniques,a1x4W000005QM73QAG,,Incomplete,a1u4W000004LLHOQA4,,a1x4W000005QM73QAG,22
a1s4W000006VeKHQA0,,PG-00063,82,,#,National Association Guest Checkout Account,das das,true,Course: Vaulting with Confidence and Instilling it in Others,a1x4W000005QM74QAG,,Incomplete,a1u4W000004LLHOQA4,,a1x4W000005QM74QAG,22
a1s4W000006VeKIQA0,,PG-00064,83,You must complete this exam to aquire your accreditation.,#,National Association Guest Checkout Account,das das,true,Exam: IVI Exam,a1x4W000005QM75QAG,,Incomplete,a1u4W000004LLHOQA4,,a1x4W000005QM75QAG,22
a1s4W000006VeKJQA0,a1t4W0000051F0LQAU,PG-00069,84,The certification process begins once you fill out this form.,https://us-tdm-tso-15eb63ff4c6-1626e3c741a.force.com/cpbase__form?ID=a0S6A000001F2Yt,National Association Guest Checkout Account,Tom Harry,true,Registration Form,a1x4W000005QM72QAG,,Incomplete,a1u4W000004LLHKQA4,19,a1x4W000005QM72QAG,23
a1s4W000006VeKKQA0,a1t4W0000051F0LQAU,PG-00070,85,,#,National Association Guest Checkout Account,Tom Harry,true,Course: Advanced Vaulting Teaching Techniques,a1x4W000005QM73QAG,,Incomplete,a1u4W000004LLHKQA4,19,a1x4W000005QM73QAG,23
a1s4W000006VeKLQA0,a1t4W0000051F0LQAU,PG-00071,86,,#,National Association Guest Checkout Account,Tom Harry,true,Course: Vaulting with Confidence and Instilling it in Others,a1x4W000005QM74QAG,,Incomplete,a1u4W000004LLHKQA4,19,a1x4W000005QM74QAG,23
a1s4W000006VeKMQA0,a1t4W0000051F0LQAU,PG-00072,87,You must complete this exam to aquire your accreditation.,#,National Association Guest Checkout Account,Tom Harry,true,Exam: IVI Exam,a1x4W000005QM75QAG,,Incomplete,a1u4W000004LLHKQA4,19,a1x4W000005QM75QAG,23
a1s4W000006VeKNQA0,a1t4W0000051F0MQAU,PG-00073,88,The certification process begins once you fill out this form.,https://us-tdm-tso-15eb63ff4c6.force.com/CPBase__form?id=a0S1I00000095tuUAA,National Association Guest Checkout Account,Tom abc,true,Registration Form,a1x4W000005QM72QAG,,Incomplete,a1u4W000004LLHLQA4,20,a1x4W000005QM72QAG,24
a1s4W000006VeKOQA0,a1t4W0000051F0MQAU,PG-00074,89,,#,National Association Guest Checkout Account,Tom abc,true,Course: Advanced Vaulting Teaching Techniques,a1x4W000005QM73QAG,,Incomplete,a1u4W000004LLHLQA4,20,a1x4W000005QM73QAG,24
a1s4W000006VeKPQA0,a1t4W0000051F0MQAU,PG-00075,90,,#,National Association Guest Checkout Account,Tom abc,true,Course: Vaulting with Confidence and Instilling it in Others,a1x4W000005QM74QAG,,Incomplete,a1u4W000004LLHLQA4,20,a1x4W000005QM74QAG,24
a1s4W000006VeKQQA0,a1t4W0000051F0MQAU,PG-00076,91,You must complete this exam to aquire your accreditation.,#,National Association Guest Checkout Account,Tom abc,true,Exam: IVI Exam,a1x4W000005QM75QAG,,Incomplete,a1u4W000004LLHLQA4,20,a1x4W000005QM75QAG,24
a1s4W000006VeKRQA0,a1t4W0000051F0MQAU,PG-00077,92,The certification process begins once you fill out this form.,https://us-tdm-tso-15eb63ff4c6.force.com/CPBase__form?id=a0S1I00000095tuUAA,National Association Guest Checkout Account,Tom abc,true,Registration Form,a1x4W000005QM72QAG,,Incomplete,a1u4W000004LLHMQA4,20,a1x4W000005QM72QAG,25
a1s4W000006VeKSQA0,a1t4W0000051F0MQAU,PG-00078,93,,#,National Association Guest Checkout Account,Tom abc,true,Course: Advanced Vaulting Teaching Techniques,a1x4W000005QM73QAG,,Incomplete,a1u4W000004LLHMQA4,20,a1x4W000005QM73QAG,25
a1s4W000006VeKTQA0,a1t4W0000051F0MQAU,PG-00079,94,,#,National Association Guest Checkout Account,Tom abc,true,Course: Vaulting with Confidence and Instilling it in Others,a1x4W000005QM74QAG,,Incomplete,a1u4W000004LLHMQA4,20,a1x4W000005QM74QAG,25
a1s4W000006VeKUQA0,a1t4W0000051F0MQAU,PG-00080,95,You must complete this exam to aquire your accreditation.,#,National Association Guest Checkout Account,Tom abc,true,Exam: IVI Exam,a1x4W000005QM75QAG,,Incomplete,a1u4W000004LLHMQA4,20,a1x4W000005QM75QAG,25
a1s4W000006VeKVQA0,a1t4W0000051F0MQAU,PG-00081,96,The certification process begins once you fill out this form.,https://us-tdm-tso-15eb63ff4c6-1626e3c741a.force.com/cpbase__form?ID=a0S6A000001F2Yt,National Association Guest Checkout Account,Tom abc,true,Registration Form,a1x4W000005QM72QAG,,Incomplete,a1u4W000004LLHNQA4,20,a1x4W000005QM72QAG,26
a1s4W000006VeKWQA0,a1t4W0000051F0MQAU,PG-00082,97,,#,National Association Guest Checkout Account,Tom abc,true,Course: Advanced Vaulting Teaching Techniques,a1x4W000005QM73QAG,,Incomplete,a1u4W000004LLHNQA4,20,a1x4W000005QM73QAG,26
a1s4W000006VeKXQA0,a1t4W0000051F0MQAU,PG-00083,98,,#,National Association Guest Checkout Account,Tom abc,true,Course: Vaulting with Confidence and Instilling it in Others,a1x4W000005QM74QAG,,Incomplete,a1u4W000004LLHNQA4,20,a1x4W000005QM74QAG,26
a1s4W000006VeKYQA0,a1t4W0000051F0MQAU,PG-00084,99,You must complete this exam to aquire your accreditation.,#,National Association Guest Checkout Account,Tom abc,true,Exam: IVI Exam,a1x4W000005QM75QAG,,Incomplete,a1u4W000004LLHNQA4,20,a1x4W000005QM75QAG,26
a1s4W000006VeKZQA0,,PG-00085,100,The certification process begins once you fill out this form.,https://us-tdm-tso-15eb63ff4c6.force.com/CPBase__form?id=a0S1I00000095tuUAA,National Association Guest Checkout Account,Tom pppp,true,Registration Form,a1x4W000005QM6zQAG,,Incomplete,a1u4W000004LLHPQA4,,a1x4W000005QM6zQAG,27
a1s4W000006VeKaQAK,,PG-00086,101,Click to apply for your site visit and choose from available days.  We will confirm your scheduled visit and this task will be marked complete when the visit is completed and passed.,#,National Association Guest Checkout Account,Tom pppp,true,Site Visit,a1x4W000005QM70QAG,,Incomplete,a1u4W000004LLHPQA4,,a1x4W000005QM70QAG,27
a1s4W000006VeKbQAK,,PG-00087,102,You must complete the course prior to your site visit.,#,National Association Guest Checkout Account,Tom pppp,true,Course,a1x4W000005QM71QAG,,Incomplete,a1u4W000004LLHPQA4,,a1x4W000005QM71QAG,27
a1s4W000006VeKcQAK,,PG-00088,103,The certification process begins once you fill out this form.,https://us-tdm-tso-15eb63ff4c6.force.com/CPBase__form?id=a0S1I00000095tuUAA,National Association Guest Checkout Account,Harry Potter,true,Registration Form,a1x4W000005QM72QAG,,Incomplete,a1u4W000004LLHQQA4,,a1x4W000005QM72QAG,28
a1s4W000006VeKdQAK,,PG-00089,104,,#,National Association Guest Checkout Account,Harry Potter,true,Course: Advanced Vaulting Teaching Techniques,a1x4W000005QM73QAG,,Incomplete,a1u4W000004LLHQQA4,,a1x4W000005QM73QAG,28
a1s4W000006VeKeQAK,,PG-00090,105,,#,National Association Guest Checkout Account,Harry Potter,true,Course: Vaulting with Confidence and Instilling it in Others,a1x4W000005QM74QAG,,Incomplete,a1u4W000004LLHQQA4,,a1x4W000005QM74QAG,28
a1s4W000006VeKfQAK,,PG-00091,106,You must complete this exam to aquire your accreditation.,#,National Association Guest Checkout Account,Harry Potter,true,Exam: IVI Exam,a1x4W000005QM75QAG,,Incomplete,a1u4W000004LLHQQA4,,a1x4W000005QM75QAG,28
a1s4W000006VeKgQAK,,PG-00092,107,The certification process begins once you fill out this form.,https://us-tdm-tso-15eb63ff4c6.force.com/CPBase__form?id=a0S1I00000095tuUAA,National Association Guest Checkout Account,Harry Potter,true,Registration Form,a1x4W000005QM72QAG,,Incomplete,a1u4W000004LLHRQA4,,a1x4W000005QM72QAG,29
a1s4W000006VeKhQAK,,PG-00093,108,,#,National Association Guest Checkout Account,Harry Potter,true,Course: Advanced Vaulting Teaching Techniques,a1x4W000005QM73QAG,,Incomplete,a1u4W000004LLHRQA4,,a1x4W000005QM73QAG,29
a1s4W000006VeKiQAK,,PG-00094,109,,#,National Association Guest Checkout Account,Harry Potter,true,Course: Vaulting with Confidence and Instilling it in Others,a1x4W000005QM74QAG,,Incomplete,a1u4W000004LLHRQA4,,a1x4W000005QM74QAG,29
a1s4W000006VeKjQAK,,PG-00095,110,You must complete this exam to aquire your accreditation.,#,National Association Guest Checkout Account,Harry Potter,true,Exam: IVI Exam,a1x4W000005QM75QAG,,Incomplete,a1u4W000004LLHRQA4,,a1x4W000005QM75QAG,29
a1s4W000006VeKkQAK,,PG-00096,111,The certification process begins once you fill out this form.,https://us-tdm-tso-15eb63ff4c6.force.com/CPBase__form?id=a0S1I00000095tuUAA,National Association Guest Checkout Account,test person212321,true,Registration Form,a1x4W000005QM72QAG,,Incomplete,a1u4W000004LLHSQA4,,a1x4W000005QM72QAG,21
a1s4W000006VeKlQAK,,PG-00097,112,,#,National Association Guest Checkout Account,test person212321,true,Course: Advanced Vaulting Teaching Techniques,a1x4W000005QM73QAG,,Incomplete,a1u4W000004LLHSQA4,,a1x4W000005QM73QAG,21
a1s4W000006VeKmQAK,,PG-00098,113,,#,National Association Guest Checkout Account,test person212321,true,Course: Vaulting with Confidence and Instilling it in Others,a1x4W000005QM74QAG,,Incomplete,a1u4W000004LLHSQA4,,a1x4W000005QM74QAG,21
a1s4W000006VeKnQAK,,PG-00099,114,You must complete this exam to aquire your accreditation.,#,National Association Guest Checkout Account,test person212321,true,Exam: IVI Exam,a1x4W000005QM75QAG,,Incomplete,a1u4W000004LLHSQA4,,a1x4W000005QM75QAG,21
