Id,IsDeleted,Name,CreatedDate,CreatedById,LastModifiedDate,LastModifiedById,SystemModstamp,PagesApi__Menu__c,PagesApi__Custom_URL__c,PagesApi__Display_Order__c,PagesApi__Display_Text__c,PagesApi__Icon__c,PagesApi__Is_Standard__c,PagesApi__Link_Target__c,PagesApi__Menu_Item__c,PagesApi__On_Click_Javascript__c,PagesApi__Page__c,PagesApi__Style_Class__c,PagesApi__Type__c,PagesApi__Value__c,CreatedBy.Name,LastModifiedBy.Name,PagesApi__Menu__r.Id,PagesApi__Menu_Item__r.Id,PagesApi__Page__r.Id
a0V4W00000pKN6gUAG,false,Fonteva.com,2020-09-29T13:25:50.000+0000,0054W00000BwNn2QAF,2020-09-30T04:35:24.000+0000,0054W00000BWxpCQAT,2020-09-30T04:35:24.000+0000,a0W4W0000184KDWUA2,http://fonteva.com,1,,,false,_self,,,,,Custom Page,,Fonteva Implementations Admin,Vijay Soni,a0W4W0000184KDWUA2,,
a0V4W00000pKN6hUAG,false,Store,2020-09-29T13:25:50.000+0000,0054W00000BwNn2QAF,2020-09-30T04:35:24.000+0000,0054W00000BWxpCQAT,2020-09-30T04:35:24.000+0000,a0W4W0000184KDVUA2,https://us-tdm-tso-15eb63ff4c6-1626e-174da0a81d0.force.com/CPBase__store?page=a0Z4W00000P9DXSUA3&site=a0d4W00000SFTXKQA5,1,,,true,_self,,,a0Z4W00000P9DXSUA3,,Custom Page,,Fonteva Implementations Admin,Vijay Soni,a0W4W0000184KDVUA2,,a0Z4W00000P9DXSUA3
a0V4W00000pKN6iUAG,false,Groups,2020-09-29T13:25:50.000+0000,0054W00000BwNn2QAF,2020-09-30T04:35:24.000+0000,0054W00000BWxpCQAT,2020-09-30T04:35:24.000+0000,a0W4W0000184KDVUA2,https://us-tdm-tso-15eb63ff4c6-1626e-174da0a81d0.force.com/CPBase__groups?page=a0Z4W00000P9DXUUA3&site=a0d4W00000SFTXKQA5,2,,,true,_self,,,a0Z4W00000P9DXUUA3,,Custom Page,,Fonteva Implementations Admin,Vijay Soni,a0W4W0000184KDVUA2,,a0Z4W00000P9DXUUA3
a0V4W00000pKN6jUAG,false,Events,2020-09-29T13:25:50.000+0000,0054W00000BwNn2QAF,2020-09-30T04:35:24.000+0000,0054W00000BWxpCQAT,2020-09-30T04:35:24.000+0000,a0W4W0000184KDVUA2,https://us-tdm-tso-15eb63ff4c6-1626e-174da0a81d0.force.com/CPBase__events?page=a0Z4W00000P9DXVUA3&site=a0d4W00000SFTXKQA5,3,,,true,_self,,,a0Z4W00000P9DXVUA3,,Custom Page,,Fonteva Implementations Admin,Vijay Soni,a0W4W0000184KDVUA2,,a0Z4W00000P9DXVUA3
a0V4W00000pKN6kUAG,false,Fonteva.com,2020-09-29T13:25:50.000+0000,0054W00000BwNn2QAF,2020-09-30T04:35:24.000+0000,0054W00000BWxpCQAT,2020-09-30T04:35:24.000+0000,a0W4W0000184KDYUA2,http://fonteva.com,1,,,false,_self,,,,,Custom Page,,Fonteva Implementations Admin,Vijay Soni,a0W4W0000184KDYUA2,,
a0V4W00000pKN6lUAG,false,Store,2020-09-29T13:25:50.000+0000,0054W00000BwNn2QAF,2020-09-30T04:35:24.000+0000,0054W00000BWxpCQAT,2020-09-30T04:35:24.000+0000,a0W4W0000184KDXUA2,https://us-tdm-tso-15eb63ff4c6-1626e-174da0a81d0.force.com/CPBase__store?page=a0Z4W00000P9DXiUAN&site=a0d4W00000SFTXLQA5,1,,,true,_self,,,a0Z4W00000P9DXiUAN,,Custom Page,,Fonteva Implementations Admin,Vijay Soni,a0W4W0000184KDXUA2,,a0Z4W00000P9DXiUAN
a0V4W00000pKN6mUAG,false,Groups,2020-09-29T13:25:50.000+0000,0054W00000BwNn2QAF,2020-09-30T04:35:24.000+0000,0054W00000BWxpCQAT,2020-09-30T04:35:24.000+0000,a0W4W0000184KDXUA2,https://us-tdm-tso-15eb63ff4c6-1626e-174da0a81d0.force.com/CPBase__groups?page=a0Z4W00000P9DXkUAN&site=a0d4W00000SFTXLQA5,2,,,true,_self,,,a0Z4W00000P9DXkUAN,,Custom Page,,Fonteva Implementations Admin,Vijay Soni,a0W4W0000184KDXUA2,,a0Z4W00000P9DXkUAN
a0V4W00000pKN6nUAG,false,Events,2020-09-29T13:25:50.000+0000,0054W00000BwNn2QAF,2020-09-30T04:35:24.000+0000,0054W00000BWxpCQAT,2020-09-30T04:35:24.000+0000,a0W4W0000184KDXUA2,https://us-tdm-tso-15eb63ff4c6-1626e-174da0a81d0.force.com/CPBase__events?page=a0Z4W00000P9DXlUAN&site=a0d4W00000SFTXLQA5,3,,,true,_self,,,a0Z4W00000P9DXlUAN,,Custom Page,,Fonteva Implementations Admin,Vijay Soni,a0W4W0000184KDXUA2,,a0Z4W00000P9DXlUAN
a0V4W00000pKN6oUAG,false,Education,2020-09-29T13:25:50.000+0000,0054W00000BwNn2QAF,2020-09-30T04:35:24.000+0000,0054W00000BWxpCQAT,2020-09-30T04:35:24.000+0000,a0W4W0000184KDVUA2,,5,,,false,_self,,,,,Custom Page,,Fonteva Implementations Admin,Vijay Soni,a0W4W0000184KDVUA2,,
a0V4W00000pKN6pUAG,false,Directory,2020-09-29T13:25:50.000+0000,0054W00000BwNn2QAF,2020-09-30T04:35:24.000+0000,0054W00000BWxpCQAT,2020-09-30T04:35:24.000+0000,a0W4W0000184KDVUA2,,6,,,false,_self,,,,,Custom Page,,Fonteva Implementations Admin,Vijay Soni,a0W4W0000184KDVUA2,,
a0V4W00000pKN6qUAG,false,Individual Member Directory,2020-09-29T13:25:50.000+0000,0054W00000BwNn2QAF,2020-09-30T04:35:24.000+0000,0054W00000BWxpCQAT,2020-09-30T04:35:24.000+0000,a0W4W0000184KDVUA2,/s/searchdirectory?id=a2n4W0000015mYuQAI,7,,,false,_blank,a0V4W00000pKN6pUAG,,,,Custom URL,,Fonteva Implementations Admin,Vijay Soni,a0W4W0000184KDVUA2,a0V4W00000pKN6pUAG,
a0V4W00000pKN6rUAG,false,Organization Member Directory,2020-09-29T13:25:50.000+0000,0054W00000BwNn2QAF,2020-09-30T04:35:24.000+0000,0054W00000BWxpCQAT,2020-09-30T04:35:24.000+0000,a0W4W0000184KDVUA2,/s/searchdirectory?id=a2n4W0000015mYuQAI,8,,,false,_blank,a0V4W00000pKN6pUAG,,,,Custom URL,,Fonteva Implementations Admin,Vijay Soni,a0W4W0000184KDVUA2,a0V4W00000pKN6pUAG,
a0V4W00000pKN6sUAG,false,Membership Applications,2020-09-29T13:25:50.000+0000,0054W00000BwNn2QAF,2020-09-30T04:35:24.000+0000,0054W00000BWxpCQAT,2020-09-30T04:35:24.000+0000,a0W4W0000184KDVUA2,,8,,,false,_self,,,,,Custom Page,,Fonteva Implementations Admin,Vijay Soni,a0W4W0000184KDVUA2,,
a0V4W00000pKN6tUAG,false,Individual Memberships,2020-09-29T13:25:50.000+0000,0054W00000BwNn2QAF,2020-09-30T04:35:24.000+0000,0054W00000BWxpCQAT,2020-09-30T04:35:24.000+0000,a0W4W0000184KDVUA2,/joinapi__membershiplist?id=a206A000000R93aQAC&order=1,8,,,false,_self,a0V4W00000pKN6sUAG,,,,Custom Page,,Fonteva Implementations Admin,Vijay Soni,a0W4W0000184KDVUA2,a0V4W00000pKN6sUAG,
a0V4W00000pKN6uUAG,false,Company Memberships,2020-09-29T13:25:50.000+0000,0054W00000BwNn2QAF,2020-09-30T04:35:24.000+0000,0054W00000BWxpCQAT,2020-09-30T04:35:24.000+0000,a0W4W0000184KDVUA2,/joinapi__membershiplist?id=a206A000000RAGiQAO&order=1,9,,,false,_self,a0V4W00000pKN6sUAG,,,,Custom Page,,Fonteva Implementations Admin,Vijay Soni,a0W4W0000184KDVUA2,a0V4W00000pKN6sUAG,
a0V4W00000pKN6vUAG,false,Update Company Profile,2020-09-29T13:25:50.000+0000,0054W00000BwNn2QAF,2020-09-30T04:35:33.000+0000,0054W00000BWxpCQAT,2020-09-30T04:35:33.000+0000,a0W4W0000184KDVUA2,https://us-tdm-tso-15eb63ff4c6-1626e-174da0a81d0.force.com/cpbase__form?id=a0S6A000001F2YtUAK&page=a0Z4W00000P9DXmUAN&site=a0d4W00000SFTXKQA5,6,Update Company Profile,,false,_self,a0V4W00000pKN6wUAG,,a0Z4W00000P9DXmUAN,,Custom URL,,Fonteva Implementations Admin,Vijay Soni,a0W4W0000184KDVUA2,a0V4W00000pKN6wUAG,a0Z4W00000P9DXmUAN
a0V4W00000pKN6wUAG,false,Company Profile,2020-09-29T13:25:50.000+0000,0054W00000BwNn2QAF,2020-09-30T04:35:24.000+0000,0054W00000BWxpCQAT,2020-09-30T04:35:24.000+0000,a0W4W0000184KDVUA2,,6,Company Profile Management,,false,_self,,,,,Custom Page,,Fonteva Implementations Admin,Vijay Soni,a0W4W0000184KDVUA2,,
a0V4W00000pKN6xUAG,false,Update Company Contacts,2020-09-29T13:25:50.000+0000,0054W00000BwNn2QAF,2020-09-30T04:35:24.000+0000,0054W00000BWxpCQAT,2020-09-30T04:35:24.000+0000,a0W4W0000184KDVUA2,https://us-tdm-tso-15eb63ff4c6-1626e-174da0a81d0.force.com/cpbase__form?ID=a0S6A000001Ftr3&page=a0Z4W00000P9DXnUAN&site=a0d4W00000SFTXKQA5,8,Update Company Contacts,,false,_self,a0V4W00000pKN6wUAG,,a0Z4W00000P9DXnUAN,,Custom URL,,Fonteva Implementations Admin,Vijay Soni,a0W4W0000184KDVUA2,a0V4W00000pKN6wUAG,a0Z4W00000P9DXnUAN
a0V4W00000pKN6yUAG,false,Apply/Maintain Today!,2020-09-29T13:25:50.000+0000,0054W00000BwNn2QAF,2020-09-30T04:35:33.000+0000,0054W00000BWxpCQAT,2020-09-30T04:35:33.000+0000,a0W4W0000184KDVUA2,/CPBase__store?site=a0d4W00000SFTXKQA5&catalog=a0s4W00000fqDVTQA2,7,Apply Today!,,false,_self,a0V4W00000pKN6oUAG,,,,Custom URL,,Fonteva Implementations Admin,Vijay Soni,a0W4W0000184KDVUA2,a0V4W00000pKN6oUAG,
a0V4W00000pKN6zUAG,false,Manage Your Certifications,2020-09-29T13:25:50.000+0000,0054W00000BwNn2QAF,2020-09-30T04:35:24.000+0000,0054W00000BWxpCQAT,2020-09-30T04:35:24.000+0000,a0W4W0000184KDVUA2,/ProgramApi__Programs?programtype=PT-00002,6,Manage Your Certification,,false,_self,a0V4W00000pKN6oUAG,,,,Custom URL,,Fonteva Implementations Admin,Vijay Soni,a0W4W0000184KDVUA2,a0V4W00000pKN6oUAG,
a0V4W00000pKN70UAG,false,Manage Your Accreditations,2020-09-29T13:25:50.000+0000,0054W00000BwNn2QAF,2020-09-30T04:35:24.000+0000,0054W00000BWxpCQAT,2020-09-30T04:35:24.000+0000,a0W4W0000184KDVUA2,/ProgramApi__Programs?programtype=PT-00003,7,Manage Your Accreditations,,false,_self,a0V4W00000pKN6oUAG,,,,Custom URL,,Fonteva Implementations Admin,Vijay Soni,a0W4W0000184KDVUA2,a0V4W00000pKN6oUAG,
a0V4W00000pKN71UAG,false,"Individual Membership(National, State & Local)",2020-09-29T13:25:50.000+0000,0054W00000BwNn2QAF,2020-09-30T04:35:24.000+0000,0054W00000BWxpCQAT,2020-09-30T04:35:24.000+0000,a0W4W0000184KDVUA2,/joinapi__membershiplist?id=a206A000000ZepCQAS&order=1,8,"Individual Membership(National, State & Local)",,false,_self,a0V4W00000pKN6sUAG,,,,Custom URL,,Fonteva Implementations Admin,Vijay Soni,a0W4W0000184KDVUA2,a0V4W00000pKN6sUAG,
a0V4W00000pKN72UAG,false,Self Report Credits,2020-09-29T13:25:50.000+0000,0054W00000BwNn2QAF,2020-09-30T04:35:33.000+0000,0054W00000BWxpCQAT,2020-09-30T04:35:33.000+0000,a0W4W0000184KDVUA2,/cpbase__form?ID=a0S4W00000WEbeUUAT,6,Self Report Credits,,false,_self,a0V4W00000pKN6oUAG,,,,Custom Page,,Fonteva Implementations Admin,Vijay Soni,a0W4W0000184KDVUA2,a0V4W00000pKN6oUAG,
a0V4W00000pKN73UAG,false,Fonteva.com,2020-09-29T13:25:50.000+0000,0054W00000BwNn2QAF,2020-09-30T04:35:24.000+0000,0054W00000BWxpCQAT,2020-09-30T04:35:24.000+0000,a0W4W0000184KDaUAM,http://fonteva.com,1,,,false,_self,,,,,Custom Page,,Fonteva Implementations Admin,Vijay Soni,a0W4W0000184KDaUAM,,
