EventApi__Component_Name__c,EventApi__Config__c,EventApi__Event_Page__c,EventApi__Order__c,EventApi__Title__c,EventApi__HTML__c,Errors,Id
LTE:FeaturedEventSpeakers,{},a1jR0000001MZQVIA4,2,,,,a1iR0000001XY98IAG
LTE:EventAgenda,{},a1jR0000001MZQWIA4,1,,,,a1iR0000001XY99IAG
LTE:EventCustomHTML,{},a1jR0000001MZQVIA4,1,,"<p><strong>World Renowned Event</strong></p><p>There is no better place for professional development than the Annual Symposium. By attending, you&rsquo;ll gain the tools and resources you need to implement successful practices &ndash; which help your company succeed.</p><p><br></p><p><strong>Fresh Perspectives</strong></p><p>Internationally-renowned speakers that offer fresh points of view and inspiring stories that can help shift your perspectives and deepen your understanding of leadership, motivation, and success.</p>",,a1iR0000001XY9AIAW
LTE:EventPrimaryVenue,{},a1jR0000001MZQXIA4,1,,,,a1iR0000001XY9BIAW
LTE:EventSecondaryVenues,{},a1jR0000001MZQXIA4,2,,,,a1iR0000001XY9CIAW
LTE:EventVenueMap,{},a1jR0000001MZQXIA4,3,,,,a1iR0000001XY9DIAW
LTE:EventSpeakers,{},a1jR0000001MZQYIA4,1,,,,a1iR0000001XY9EIAW
LTE:FeaturedEventSponsors,{},a1jR0000001MZQZIA4,1,,,,a1iR0000001XY9FIAW
LTE:EventCustomHTML,{},a1jR0000001MZQZIA4,2,,"<h2><strong>Sponsorship</strong></h2><p><br></p><p>Sponsorship at the Annual Meeting gets your message in front of hundreds of decision-makers at independent schools across the country. More than 1,200 education professionals involved with business, finance, and administration attended the 2019 meeting in Washington, D.C., once again setting an attendance record for the Annual Meeting. Below is a list of sponsorship opportunities at this year&#39;s conference.</p><p><br></p><p><strong>Questions?</strong> Contact Chris Arthur at <a href=""mailto:chris.kalavsky@nboa.org"" target=""_blank""><strong><u>chris.</u></strong></a><strong><u>arthur@mailinator.com&nbsp;</u></strong>or call 202-407-7146.</p><p><br></p><h2><strong>Levels and Offerings</strong></h2><h3><br></h3><h3><strong>Gold&nbsp;$10,000</strong></h3><ul><li>2020 Annual Meeting Mobile App</li><li>First-Time Attendee Reception (held prior to Opening Reception)</li><li>Annual Meeting Lanyard</li><li>Annual Meeting Giveaway</li></ul><p><br></p><p><a href=""https://us-tdm-tso-15eb63ff4c6-1626e3c741a.force.com/CPBase__item?id=a156A0000026udeQAA"" target=""_blank"">Click here&nbsp;</a>to Purchase</p><p><br></p><h3><strong>Silver&nbsp;$6,000</strong></h3><ul><li>Annual Meeting Hotel Key Card</li><li>Charging Stations</li><li>Wi-Fi*</li><li>Session Tracks</li><li><em>Net Assets</em> Photo Booth</li><li>Headshot Booth</li></ul><p><br></p><p><a href=""https://us-tdm-tso-15eb63ff4c6-1626e3c741a.force.com/CPBase__item?id=a156A0000026udfQAA"" target=""_blank"">Click here</a> to Purchase</p><p><br></p><h3><strong>Bronze&nbsp;$4,000</strong></h3><ul><li>Breakfast (limited quantities)</li><li>AM/PM Break (limited quantities)</li><li>Fun Run</li><li>Yoga</li></ul><p><br></p><p><a href=""https://us-tdm-tso-15eb63ff4c6-1626e3c741a.force.com/CPBase__item?id=a156A0000026udgQAA"" target=""_blank"">Click here</a> to Purchase</p>",,a1iR0000001XY9GIAW
LTE:EventCustomHTML,{},a1jR0000001MZQbIAO,0,,"<div class=""slds-grid slds-wrap"">
<div class=""slds-size--1-of-1 slds-m-bottom--large"" data-type=""pane"">
<div class=""slds-grid"">
<div class=""slds-size--1-of-2""><img title=""speaker"" src=""https://fonteva-demo.s3.amazonaws.com/events/speaker1.jpg"" alt=""speaker"" /></div>
<div class=""slds-size--1-of-2"">
<p class=""slds-text-heading--medium slds-font-weight--semi-bold slds-m-bottom--small"">World Renowned Event</p>
<p>There is no better place for professional development than the Annual Conference &amp; Exposition. By attending, you&rsquo;ll gain the tools and resources you need to implement successful practices &ndash; which help your company succeed.</p>
<p class=""slds-text-heading--medium slds-font-weight--semi-bold slds-m-bottom--small slds-m-top--medium"">Fresh Perspectives</p>
<p class=""slds-m-bottom--x-small slds-m-top--medium"">Internationally-renowned speakers that offer fresh points of view and inspiring stories that can help shift your perspectives and deepen your understanding of leadership, motivation, and success.</p>
</div>
</div>
</div>
</div>",,a1iR0000001XY9HIAW
LTE:FeaturedEventSpeakers,,a1jR0000001MZQbIAO,1,,,,a1iR0000001XY9IIAW
LTE:FeaturedEventSponsors,,a1jR0000001MZQbIAO,2,,,,a1iR0000001XY9JIAW
LTE:EventAgenda,,a1jR0000001MZQcIAO,1,,,,a1iR0000001XY9KIAW
LTE:EventPrimaryVenue,{},a1jR0000001MZQdIAO,1,,,,a1iR0000001XY9LIAW
LTE:EventSecondaryVenues,{},a1jR0000001MZQdIAO,2,,,,a1iR0000001XY9MIAW
LTE:EventSpeakers,,a1jR0000001MZQeIAO,1,,,,a1iR0000001XY9NIAW
LTE:FeaturedEventSponsors,{},a1jR0000001MZQfIAO,1,,,,a1iR0000001XY9OIAW
LTE:EventCustomHTML,{},a1jR0000001MZQfIAO,2,,"<h2><strong>Sponsorship</strong></h2><p><br></p><p>Sponsorship at the Annual Meeting gets your message in front of hundreds of decision-makers at independent schools across the country. More than 1,200 education professionals involved with business, finance, and administration attended the 2017 meeting in Washington, D.C., once again setting an attendance record for the Annual Meeting. Below is a list of sponsorship opportunities at this year's conference.</p><p><br></p><p><strong>Questions?</strong>&nbsp;Contact Chris Arthur at&nbsp;<a href=""mailto:chris.kalavsky@nboa.org"" target=""_blank"" style=""color: rgb(166, 56, 35);""><strong><u>chris.</u></strong></a><strong><u>arthur@mailinator.com&nbsp;</u></strong>or call 202-407-7146.</p><p><br></p><h2><strong>Levels and Offerings</strong></h2><h3><br></h3><h3><strong>Gold&nbsp;$10,000</strong></h3><ul><li>2018 Annual Meeting Mobile App</li><li>First-Time Attendee Reception (held prior to Opening Reception)</li><li>Annual Meeting Lanyard</li><li>Annual Meeting Giveaway</li></ul><p><br></p><p><a href=""https://us-tdm-tso-15eb63ff4c6-1626e3c741a.force.com/CPBase__item?id=a156A0000026udeQAA"" target=""_blank"">Click here </a>to Purchase</p><p><br></p><h3><strong>Silver&nbsp;$6,000</strong></h3><ul><li>Annual Meeting Hotel Key Card</li><li>Charging Stations</li><li>Wi-Fi*</li><li>Session Tracks</li><li><em>Net Assets</em>&nbsp;Photo Booth</li><li>Headshot Booth</li></ul><p><br></p><p><a href=""https://us-tdm-tso-15eb63ff4c6-1626e3c741a.force.com/CPBase__item?id=a156A0000026udfQAA"" target=""_blank"">Click here</a> to Purchase</p><p><br></p><h3><strong>Bronze&nbsp;$4,000</strong></h3><ul><li>Breakfast (limited quantities)</li><li>AM/PM Break (limited quantities)</li><li>Fun Run</li><li>Yoga</li></ul><p><br></p><p><a href=""https://us-tdm-tso-15eb63ff4c6-1626e3c741a.force.com/CPBase__item?id=a156A0000026udgQAA"" target=""_blank"">Click here</a> to Purchase</p><h2><br></h2>",,a1iR0000001XY9PIAW
LTE:EventSponsors,,a1jR0000001MZRaIAO,1,,,,a1iR0000001XY9QIAW
LTE:EventCustomHTML,{},a1jR0000001MZQgIAO,1,,"<p><span style=""color: rgb(38, 38, 38);"">EXPO Hall booths can be purchased by current International Association members who are fully registered for the Annual conference. Each booth includes a small number of complimentary booth badges (2 for 10x5 and 5x10 booths; 4 for 8x10 and 10x10 booths.)</span></p><p><br></p><p><img src=""https://s3.us-east-1.amazonaws.com/fonteva-customer-media/HTML_Files/oGlTUKyh_Booths_png""></p><p><br></p><p><a href=""https://us-tdm-tso-15eb63ff4c6-1626e3c741a.force.com/CPBase__store?site=a0d6A000001RhaTQAS&amp;catalog=a0s6A000006IHwl#"" target=""_blank"">Click Here</a> to purchase Booths. </p><p><br></p><p><br></p>",,a1iR0000001XY9RIAW
LTE:EventRegistrationTicketSelection,{},a1jR0000001MZSFIA4,2,,,,a1iR0000001XY9SIAW
LTE:EventOverview,{},a1jR0000001MZSVIA4,1,,,,a1iR0000001XY9TIAW
LTE:EventCustomHTML,{},a1jR0000001MZRkIAO,2,,"<div class=""slds-grid slds-wrap""><div class=""slds-size--1-of-1 slds-m-bottom--large"" data-type=""pane""><div class=""slds-grid""><div class=""slds-size--1-of-2""><p class=""slds-text-heading--medium slds-font-weight--semi-bold slds-m-bottom--small"">World Renowned Event</p><p>There is no better place for professional development than the Annual Conference &amp; Exposition. By attending, you&rsquo;ll gain the tools and resources you need to implement successful practices &ndash; which help your company succeed.</p><p class=""slds-text-heading--medium slds-font-weight--semi-bold slds-m-bottom--small slds-m-top--medium"">Fresh Perspectives</p><p class=""slds-m-bottom--x-small slds-m-top--medium"">Internationally-renowned speakers that offer fresh points of view and inspiring stories that can help shift your perspectives and deepen your understanding of leadership, motivation, and success.</p></div></div></div></div>",,a1iR0000001XY9UIAW
LTE:FeaturedEventSpeakers,{},a1jR0000001MZRkIAO,3,,,,a1iR0000001XY9VIAW
LTE:FeaturedEventSponsors,{},a1jR0000001MZRkIAO,4,,,,a1iR0000001XY9WIAW
LTE:EventOverview,,a1jR0000001MZRbIAO,0,,,,a1iR0000001XY9XIAW
LTE:EventAgenda,,a1jR0000001MZRlIAO,1,,,,a1iR0000001XY9YIAW
LTE:EventPrimaryVenue,{},a1jR0000001MZRmIAO,1,,,,a1iR0000001XY9ZIAW
LTE:EventSecondaryVenues,{},a1jR0000001MZRmIAO,2,,,,a1iR0000001XY9aIAG
LTE:EventSpeakers,,a1jR0000001MZRnIAO,1,,,,a1iR0000001XY9bIAG
LTE:FeaturedEventSponsors,{},a1jR0000001MZRoIAO,1,,,,a1iR0000001XY9cIAG
LTE:EventCustomHTML,{},a1jR0000001MZRoIAO,2,,"<h2><strong>Sponsorship</strong></h2><p><br></p><p>Sponsorship at the Annual Meeting gets your message in front of hundreds of decision-makers at independent schools across the country. More than 1,200 education professionals involved with business, finance, and administration attended the 2017 meeting in Washington, D.C., once again setting an attendance record for the Annual Meeting. Below is a list of sponsorship opportunities at this year&#39;s conference.</p><p><br></p><p><strong>Questions?</strong> Contact Chris Arthur at&nbsp;<a href=""mailto:chris.kalavsky@nboa.org"" style=""color: rgb(166, 56, 35);"" target=""_blank""><strong><u>chris.</u></strong></a><strong><u>arthur@mailinator.com&nbsp;</u></strong>or call 202-407-7146.</p><p><br></p><h2><strong>Levels and Offerings</strong></h2><h3><br></h3><h3><strong>Gold&nbsp;$10,000</strong></h3><ul><li>2018 Annual Meeting Mobile App</li><li>First-Time Attendee Reception (held prior to Opening Reception)</li><li>Annual Meeting Lanyard</li><li>Annual Meeting Giveaway</li></ul><p><br></p><p><a href=""https://us-tdm-tso-15eb63ff4c6-1626e3c741a.force.com/LightningMemberPortal/s/store#/store/browse/detail/a156A0000026udeQAA"" rel=""noopener noreferrer"" target=""_blank"">Click here </a>to Purchase</p><p><br></p><h3><strong>Silver&nbsp;$6,000</strong></h3><ul><li>Annual Meeting Hotel Key Card</li><li>Charging Stations</li><li>Wi-Fi*</li><li>Session Tracks</li><li><em>Net Assets</em> Photo Booth</li><li>Headshot Booth</li></ul><p><br></p><p><a href=""https://us-tdm-tso-15eb63ff4c6-1626e3c741a.force.com/LightningMemberPortal/s/store#/store/browse/detail/a156A0000026udfQAA"" rel=""noopener noreferrer"" target=""_blank"">Click here</a> to Purchase</p><p><br></p><h3><strong>Bronze&nbsp;$4,000</strong></h3><ul><li>Breakfast (limited quantities)</li><li>AM/PM Break (limited quantities)</li><li>Fun Run</li><li>Yoga</li></ul><p><br></p><p><a href=""https://us-tdm-tso-15eb63ff4c6-1626e3c741a.force.com/LightningMemberPortal/s/store#/store/browse/detail/a156A0000026udgQAA"" rel=""noopener noreferrer"" target=""_blank"">Click here</a> to Purchase</p><h2><br></h2>",,a1iR0000001XY9dIAG
LTE:EventCustomHTML,{},a1jR0000001MZRpIAO,1,,"<p><span style=""color: rgb(38, 38, 38);"">EXPO Hall booths can be purchased by current International Association members who are fully registered for the Annual conference. Each booth includes a small number of complimentary booth badges (2 for 10x5 and 5x10 booths; 4 for 8x10 and 10x10 booths.)</span></p><p><br></p><p><img src=""https://s3.us-east-1.amazonaws.com/fonteva-customer-media/HTML_Files/oGlTUKyh_Booths_png"" class=""fr-fic fr-dii""></p><p><br></p><p><a href=""https://us-tdm-tso-15eb63ff4c6-1626e3c741a.force.com/LightningMemberPortal/s/store#/store/browse/cat/a0s6A000006IHwlQAG/tiles"" rel=""noopener noreferrer"" target=""_blank"">Click Here</a> to purchase Booths.</p><p><br></p><p><br></p>",,a1iR0000001XY9eIAG
LTE:EventOverview,,a1jR0000001MZRWIA4,1,,,,a1iR0000001XY9fIAG
LTE:EventAgenda,,a1jR0000001MZRXIA4,1,,,,a1iR0000001XY9gIAG
LTE:EventVenueMap,,a1jR0000001MZRYIA4,1,,,,a1iR0000001XY9hIAG
LTE:EventSpeakers,,a1jR0000001MZRZIA4,1,,,,a1iR0000001XY9iIAG
LTE:EventAgenda,,a1jR0000001MZRcIAO,1,,,,a1iR0000001XY9jIAG
LTE:EventVenueMap,,a1jR0000001MZRdIAO,0,,,,a1iR0000001XY9kIAG
LTE:EventPrimaryVenue,,a1jR0000001MZRdIAO,1,,,,a1iR0000001XY9lIAG
LTE:EventSpeakers,,a1jR0000001MZRfIAO,1,,,,a1iR0000001XY9mIAG
LTE:EventCustomHTML,{},a1jR0000001MZRgIAO,0,,"<p><img src=""https://fonteva-customer-media.s3.amazonaws.com/00D1I000000nqo4UAA/CCGnjyDT_sponsors.PNG"" alt="""" width=""1263"" height=""322"" /></p>",,a1iR0000001XY9nIAG
LTE:EventOverview,,a1jR0000001MZRqIAO,1,,,,a1iR0000001XY9oIAG
LTE:EventAgenda,,a1jR0000001MZRrIAO,1,,,,a1iR0000001XY9pIAG
LTE:EventVenueMap,,a1jR0000001MZRsIAO,1,,,,a1iR0000001XY9qIAG
LTE:EventSpeakers,,a1jR0000001MZRtIAO,1,,,,a1iR0000001XY9rIAG
LTE:EventSponsors,,a1jR0000001MZRuIAO,1,,,,a1iR0000001XY9sIAG
LTE:EventOverview,,a1jR0000001MZRvIAO,1,,,,a1iR0000001XY9tIAG
LTE:EventAgenda,,a1jR0000001MZRwIAO,1,,,,a1iR0000001XY9uIAG
LTE:EventVenueMap,,a1jR0000001MZRxIAO,1,,,,a1iR0000001XY9vIAG
LTE:EventSpeakers,,a1jR0000001MZRyIAO,1,,,,a1iR0000001XY9wIAG
LTE:EventSponsors,,a1jR0000001MZRzIAO,1,,,,a1iR0000001XY9xIAG
LTE:EventOverview,,a1jR0000001MZS0IAO,0,,,,a1iR0000001XY9yIAG
LTE:EventAgenda,,a1jR0000001MZS1IAO,0,,,,a1iR0000001XY9zIAG
LTE:EventVenueMap,,a1jR0000001MZS2IAO,1,,,,a1iR0000001XYA0IAO
LTE:EventSpeakers,,a1jR0000001MZS3IAO,1,,,,a1iR0000001XYA1IAO
LTE:EventSponsors,,a1jR0000001MZS4IAO,1,,,,a1iR0000001XYA2IAO
LTE:EventOverview,,a1jR0000001MZS5IAO,1,,,,a1iR0000001XYA3IAO
LTE:EventAgenda,,a1jR0000001MZS6IAO,1,,,,a1iR0000001XYA4IAO
LTE:EventVenueMap,,a1jR0000001MZS7IAO,1,,,,a1iR0000001XYA5IAO
LTE:EventSpeakers,,a1jR0000001MZS8IAO,1,,,,a1iR0000001XYA6IAO
LTE:EventSponsors,,a1jR0000001MZS9IAO,1,,,,a1iR0000001XYA7IAO
LTE:EventOverview,,a1jR0000001MZSAIA4,1,,,,a1iR0000001XYA8IAO
LTE:EventAgenda,,a1jR0000001MZSBIA4,1,,,,a1iR0000001XYA9IAO
LTE:EventVenueMap,,a1jR0000001MZSCIA4,1,,,,a1iR0000001XYAAIA4
LTE:EventSpeakers,,a1jR0000001MZSDIA4,1,,,,a1iR0000001XYABIA4
LTE:EventSponsors,,a1jR0000001MZSEIA4,1,,,,a1iR0000001XYACIA4
LTE:EventOverview,{},a1jR0000001MZSFIA4,1,,,,a1iR0000001XYADIA4
LTE:EventAgenda,,a1jR0000001MZSGIA4,1,,,,a1iR0000001XYAEIA4
LTE:EventVenueMap,{},a1jR0000001MZSHIA4,1,,,,a1iR0000001XYAFIA4
LTE:EventPrimaryVenue,{},a1jR0000001MZSHIA4,2,,,,a1iR0000001XYAGIA4
LTE:EventSpeakers,,a1jR0000001MZSTIA4,1,,,,a1iR0000001XYAHIA4
LTE:EventSponsors,,a1jR0000001MZSUIA4,1,,,,a1iR0000001XYAIIA4
LTE:EventOverview,,a1jR0000001MZSWIA4,1,,,,a1iR0000001XYAJIA4
LTE:EventAgenda,,a1jR0000001MZSXIA4,1,,,,a1iR0000001XYAKIA4
LTE:EventVenueMap,,a1jR0000001MZSYIA4,1,,,,a1iR0000001XYALIA4
LTE:EventSpeakers,,a1jR0000001MZSZIA4,1,,,,a1iR0000001XYAMIA4
LTE:EventSponsors,,a1jR0000001MZSaIAO,1,,,,a1iR0000001XYANIA4
LTE:EventOverview,,a1jR0000001MZSbIAO,1,,,,a1iR0000001XYAOIA4
LTE:EventAgenda,,a1jR0000001MZScIAO,1,,,,a1iR0000001XYAPIA4
LTE:EventVenueMap,,a1jR0000001MZSdIAO,1,,,,a1iR0000001XYAQIA4
LTE:EventSpeakers,,a1jR0000001MZSeIAO,1,,,,a1iR0000001XYARIA4
LTE:EventSponsors,,a1jR0000001MZSfIAO,1,,,,a1iR0000001XYASIA4
LTE:EventOverview,{},a1jR0000001MZSgIAO,1,,,,a1iR0000001XYATIA4
LTE:EventSpeakers,{},a1jR0000001MZSgIAO,2,,,,a1iR0000001XYAUIA4
LTE:EventAgenda,,a1jR0000001MZShIAO,1,,,,a1iR0000001XYAVIA4
LTE:EventVenueMap,,a1jR0000001MZSiIAO,1,,,,a1iR0000001XYAWIA4
LTE:EventSpeakers,,a1jR0000001MZSjIAO,1,,,,a1iR0000001XYAXIA4
LTE:EventSponsors,,a1jR0000001MZSkIAO,1,,,,a1iR0000001XYAYIA4
LTE:EventOverview,,a1jR0000001MZSlIAO,1,,,,a1iR0000001XYAZIA4
LTE:EventAgenda,,a1jR0000001MZSmIAO,1,,,,a1iR0000001XYAaIAO
LTE:EventVenueMap,,a1jR0000001MZSnIAO,1,,,,a1iR0000001XYAbIAO
LTE:EventSpeakers,,a1jR0000001MZSoIAO,1,,,,a1iR0000001XYAcIAO
LTE:EventSponsors,,a1jR0000001MZSpIAO,1,,,,a1iR0000001XYAdIAO
LTE:EventCustomHTML,{},a1jR0000001MZSqIAO,1,,"<p><strong>World Renowned Event</strong></p><p>There is no better place for professional development than the Annual Symposium. By attending, you&rsquo;ll gain the tools and resources you need to implement successful practices &ndash; which help your company succeed.</p><p><br></p><p><strong>Fresh Perspectives</strong></p><p>Internationally-renowned speakers that offer fresh points of view and inspiring stories that can help shift your perspectives and deepen your understanding of leadership, motivation, and success.</p>",,a1iR0000001XYAeIAO
LTE:FeaturedEventSpeakers,{},a1jR0000001MZSqIAO,2,,,,a1iR0000001XYAfIAO
LTE:FeaturedEventSponsors,{},a1jR0000001MZSqIAO,3,,,,a1iR0000001XYAgIAO
LTE:EventAgenda,{},a1jR0000001MZSrIAO,1,,,,a1iR0000001XYAhIAO
LTE:EventPrimaryVenue,{},a1jR0000001MZSsIAO,1,,,,a1iR0000001XYAiIAO
LTE:EventSecondaryVenues,{},a1jR0000001MZSsIAO,2,,,,a1iR0000001XYAjIAO
LTE:EventVenueMap,{},a1jR0000001MZSsIAO,3,,,,a1iR0000001XYAkIAO
LTE:EventSpeakers,{},a1jR0000001MZStIAO,1,,,,a1iR0000001XYAlIAO
LTE:FeaturedEventSponsors,{},a1jR0000001MZSuIAO,1,,,,a1iR0000001XYAmIAO
LTE:EventCustomHTML,{},a1jR0000001MZSuIAO,2,,"<h2><strong>Sponsorship</strong></h2><p><br></p><p>Sponsorship at the Annual Meeting gets your message in front of hundreds of decision-makers at independent schools across the country. More than 1,200 education professionals involved with business, finance, and administration attended the 2019 meeting in Washington, D.C., once again setting an attendance record for the Annual Meeting. Below is a list of sponsorship opportunities at this year&#39;s conference.</p><p><br></p><p><strong>Questions?</strong> Contact Chris Arthur at <a href=""mailto:chris.kalavsky@nboa.org"" target=""_blank""><strong><u>chris.</u></strong></a><strong><u>arthur@mailinator.com&nbsp;</u></strong>or call 202-407-7146.</p><p><br></p><h2><strong>Levels and Offerings</strong></h2><h3><br></h3><h3><strong>Gold&nbsp;$10,000</strong></h3><ul><li>2020 Annual Meeting Mobile App</li><li>First-Time Attendee Reception (held prior to Opening Reception)</li><li>Annual Meeting Lanyard</li><li>Annual Meeting Giveaway</li></ul><p><br></p><p><a href=""https://us-tdm-tso-15eb63ff4c6-1626e3c741a.force.com/CPBase__item?id=a156A0000026udeQAA"" target=""_blank"">Click here&nbsp;</a>to Purchase</p><p><br></p><h3><strong>Silver&nbsp;$6,000</strong></h3><ul><li>Annual Meeting Hotel Key Card</li><li>Charging Stations</li><li>Wi-Fi*</li><li>Session Tracks</li><li><em>Net Assets</em> Photo Booth</li><li>Headshot Booth</li></ul><p><br></p><p><a href=""https://us-tdm-tso-15eb63ff4c6-1626e3c741a.force.com/CPBase__item?id=a156A0000026udfQAA"" target=""_blank"">Click here</a> to Purchase</p><p><br></p><h3><strong>Bronze&nbsp;$4,000</strong></h3><ul><li>Breakfast (limited quantities)</li><li>AM/PM Break (limited quantities)</li><li>Fun Run</li><li>Yoga</li></ul><p><br></p><p><a href=""https://us-tdm-tso-15eb63ff4c6-1626e3c741a.force.com/CPBase__item?id=a156A0000026udgQAA"" target=""_blank"">Click here</a> to Purchase</p>",,a1iR0000001XYAnIAO
LTE:EventCustomHTML,{},a1jR0000001MZSvIAO,1,,"<p>EXPO Hall booths can be purchased by current International Association members who are fully registered for the Annual conference. Each booth includes a small number of complimentary booth badges (2 for 10x5 and 5x10 booths; 4 for 8x10 and 10x10 booths.)</p><p><br></p><p><img src=""https://s3.us-east-1.amazonaws.com/fonteva-customer-media/00D6A0000039vRfUAI/jWYObhhZ_Screen_Shot_2019_04_01_at_4_14_39_PM_png"" style=""width: 492px;"" class=""fr-fic fr-dib""></p><p><br></p><p><a href=""https://us-tdm-tso-15eb63ff4c6-1626e3c741a.force.com/CPBase__store?site=a0d6A000001RhaTQAS&catalog=a0s6A000006IHwl#"" target=""_blank"">Click Here</a> to purchase Booths.</p>",,a1iR0000001XYAoIAO
LTE:EventCustomHTML,{},a1jR0000001MZSRIA4,0,,"<div class=""slds-grid slds-wrap"">
<div class=""slds-size--1-of-1 slds-m-bottom--large"" data-type=""pane"">
<div class=""slds-grid"">
<div class=""slds-size--1-of-2""><img title=""speaker"" src=""https://fonteva-demo.s3.amazonaws.com/events/speaker1.jpg"" alt=""speaker"" /></div>
<div class=""slds-size--1-of-2"">
<p class=""slds-text-heading--medium slds-font-weight--semi-bold slds-m-bottom--small"">World Renowned Event</p>
<p>There is no better place for professional development than the Annual Conference &amp; Exposition. By attending, you&rsquo;ll gain the tools and resources you need to implement successful practices &ndash; which help your company succeed.</p>
<p class=""slds-text-heading--medium slds-font-weight--semi-bold slds-m-bottom--small slds-m-top--medium"">Fresh Perspectives</p>
<p class=""slds-m-bottom--x-small slds-m-top--medium"">Internationally-renowned speakers that offer fresh points of view and inspiring stories that can help shift your perspectives and deepen your understanding of leadership, motivation, and success.</p>
</div>
</div>
</div>
</div>",,a1iR0000001XYApIAO
LTE:FeaturedEventSpeakers,,a1jR0000001MZSRIA4,1,,,,a1iR0000001XYAqIAO
LTE:FeaturedEventSponsors,,a1jR0000001MZSRIA4,2,,,,a1iR0000001XYArIAO
LTE:EventOverview,,a1jR0000001MZQhIAO,1,,,,a1iR0000001XYAsIAO
LTE:EventAgenda,,a1jR0000001MZQiIAO,1,,,,a1iR0000001XYAtIAO
LTE:EventVenueMap,,a1jR0000001MZQjIAO,1,,,,a1iR0000001XYAuIAO
LTE:EventSpeakers,,a1jR0000001MZQkIAO,1,,,,a1iR0000001XYAvIAO
LTE:EventSponsors,,a1jR0000001MZQlIAO,1,,,,a1iR0000001XYAwIAO
LTE:EventOverview,,a1jR0000001MZQmIAO,0,,,,a1iR0000001XYAxIAO
LTE:EventAgenda,,a1jR0000001MZQnIAO,1,,,,a1iR0000001XYAyIAO
LTE:EventVenueMap,,a1jR0000001MZQpIAO,0,,,,a1iR0000001XYAzIAO
LTE:EventSpeakers,,a1jR0000001MZQrIAO,1,,,,a1iR0000001XYB0IAO
LTE:EventOverview,,a1jR0000001MZQtIAO,1,,,,a1iR0000001XYB1IAO
LTE:EventAgenda,,a1jR0000001MZQuIAO,1,,,,a1iR0000001XYB2IAO
LTE:EventVenueMap,,a1jR0000001MZQvIAO,1,,,,a1iR0000001XYB3IAO
LTE:EventSpeakers,,a1jR0000001MZQwIAO,1,,,,a1iR0000001XYB4IAO
LTE:EventSponsors,,a1jR0000001MZQxIAO,1,,,,a1iR0000001XYB5IAO
LTE:EventCustomHTML,{},a1jR0000001MZQsIAO,0,,"<p><img src=""https://fonteva-customer-media.s3.amazonaws.com/00D1I000000nqo4UAA/CCGnjyDT_sponsors.PNG"" alt="""" width=""1263"" height=""322"" /></p>",,a1iR0000001XYB6IAO
LTE:EventPrimaryVenue,,a1jR0000001MZQpIAO,1,,,,a1iR0000001XYB7IAO
LTE:EventOverview,,a1jR0000001MZQyIAO,1,,,,a1iR0000001XYB8IAO
LTE:EventAgenda,,a1jR0000001MZQzIAO,1,,,,a1iR0000001XYB9IAO
LTE:EventVenueMap,,a1jR0000001MZR0IAO,1,,,,a1iR0000001XYBAIA4
LTE:EventSpeakers,,a1jR0000001MZR1IAO,1,,,,a1iR0000001XYBBIA4
LTE:EventSponsors,,a1jR0000001MZR2IAO,1,,,,a1iR0000001XYBCIA4
LTE:EventOverview,{},a1jR0000001MZR3IAO,1,,,,a1iR0000001XYBDIA4
LTE:EventAgenda,,a1jR0000001MZR4IAO,1,,,,a1iR0000001XYBEIA4
LTE:EventVenueMap,{},a1jR0000001MZR5IAO,1,,,,a1iR0000001XYBFIA4
LTE:EventSpeakers,,a1jR0000001MZR6IAO,1,,,,a1iR0000001XYBGIA4
LTE:EventSponsors,,a1jR0000001MZR7IAO,1,,,,a1iR0000001XYBHIA4
LTE:EventOverview,,a1jR0000001MZR8IAO,1,,,,a1iR0000001XYBIIA4
LTE:EventAgenda,,a1jR0000001MZR9IAO,1,,,,a1iR0000001XYBJIA4
LTE:EventVenueMap,,a1jR0000001MZRAIA4,1,,,,a1iR0000001XYBKIA4
LTE:EventSpeakers,,a1jR0000001MZRBIA4,1,,,,a1iR0000001XYBLIA4
LTE:EventSponsors,,a1jR0000001MZRCIA4,1,,,,a1iR0000001XYBMIA4
LTE:EventPrimaryVenue,{},a1jR0000001MZR5IAO,2,,,,a1iR0000001XYBNIA4
LTE:EventOverview,,a1jR0000001MZRDIA4,1,,,,a1iR0000001XYBOIA4
LTE:EventAgenda,,a1jR0000001MZREIA4,1,,,,a1iR0000001XYBPIA4
LTE:EventVenueMap,,a1jR0000001MZRFIA4,1,,,,a1iR0000001XYBQIA4
LTE:EventSpeakers,,a1jR0000001MZRGIA4,1,,,,a1iR0000001XYBRIA4
LTE:EventSponsors,,a1jR0000001MZRHIA4,1,,,,a1iR0000001XYBSIA4
LTE:EventOverview,,a1jR0000001MZRIIA4,0,,,,a1iR0000001XYBTIA4
LTE:EventAgenda,,a1jR0000001MZRJIA4,0,,,,a1iR0000001XYBUIA4
LTE:EventVenueMap,,a1jR0000001MZRKIA4,1,,,,a1iR0000001XYBVIA4
LTE:EventSpeakers,,a1jR0000001MZRLIA4,1,,,,a1iR0000001XYBWIA4
LTE:EventSponsors,,a1jR0000001MZRMIA4,1,,,,a1iR0000001XYBXIA4
LTE:EventOverview,,a1jR0000001MZRNIA4,1,,,,a1iR0000001XYBYIA4
LTE:EventAgenda,,a1jR0000001MZQoIAO,1,,,,a1iR0000001XYBZIA4
LTE:EventVenueMap,,a1jR0000001MZQqIAO,1,,,,a1iR0000001XYBaIAO
LTE:EventOverview,,a1jR0000001MZRQIA4,1,,,,a1iR0000001XYBbIAO
LTE:EventAgenda,,a1jR0000001MZRRIA4,1,,,,a1iR0000001XYBcIAO
LTE:EventVenueMap,,a1jR0000001MZRSIA4,1,,,,a1iR0000001XYBdIAO
LTE:EventSpeakers,,a1jR0000001MZRTIA4,1,,,,a1iR0000001XYBeIAO
LTE:EventSponsors,,a1jR0000001MZRUIA4,1,,,,a1iR0000001XYBfIAO
LTE:EventOverview,{},a1jR0000001MZRVIA4,1,,,,a1iR0000001XYBgIAO
LTE:EventAgenda,,a1jR0000001MZSIIA4,1,,,,a1iR0000001XYBhIAO
LTE:EventVenueMap,,a1jR0000001MZSJIA4,1,,,,a1iR0000001XYBiIAO
LTE:EventSpeakers,,a1jR0000001MZSKIA4,1,,,,a1iR0000001XYBjIAO
LTE:EventSponsors,,a1jR0000001MZSLIA4,1,,,,a1iR0000001XYBkIAO
LTE:EventOverview,,a1jR0000001MZSMIA4,1,,,,a1iR0000001XYBlIAO
LTE:EventAgenda,,a1jR0000001MZSNIA4,1,,,,a1iR0000001XYBmIAO
LTE:EventVenueMap,,a1jR0000001MZSOIA4,1,,,,a1iR0000001XYBnIAO
LTE:EventSpeakers,,a1jR0000001MZSPIA4,1,,,,a1iR0000001XYBoIAO
LTE:EventSpeakers,,a1jR0000001MZROIA4,1,,,,a1iR0000001XYBpIAO
LTE:EventSponsors,,a1jR0000001MZRPIA4,1,,,,a1iR0000001XYBqIAO
LTE:EventSponsors,,a1jR0000001MZSQIA4,1,,,,a1iR0000001XYBrIAO
LTE:EventSpeakers,{},a1jR0000001MZRVIA4,2,,,,a1iR0000001XYBsIAO
LTE:EventAgenda,,a1jR0000001MZSSIA4,1,,,,a1iR0000001XYBtIAO
LTE:EventPrimaryVenue,{},a1jR0000001MZReIAO,1,,,,a1iR0000001XYBuIAO
LTE:EventSpeakers,,a1jR0000001MZRhIAO,1,,,,a1iR0000001XYBvIAO
LTE:FeaturedEventSponsors,{},a1jR0000001MZRiIAO,1,,,,a1iR0000001XYBwIAO
LTE:EventCustomHTML,{},a1jR0000001MZRiIAO,2,,"<h2><strong>Sponsorship</strong></h2><p><br></p><p>Sponsorship at the Annual Meeting gets your message in front of hundreds of decision-makers at independent schools across the country. More than 1,200 education professionals involved with business, finance, and administration attended the 2017 meeting in Washington, D.C., once again setting an attendance record for the Annual Meeting. Below is a list of sponsorship opportunities at this year's conference.</p><p><br></p><p><strong>Questions?</strong>&nbsp;Contact Chris Arthur at&nbsp;<a href=""mailto:chris.kalavsky@nboa.org"" target=""_blank"" style=""color: rgb(166, 56, 35);""><strong><u>chris.</u></strong></a><strong><u>arthur@mailinator.com&nbsp;</u></strong>or call 202-407-7146.</p><p><br></p><h2><strong>Levels and Offerings</strong></h2><h3><br></h3><h3><strong>Gold&nbsp;$10,000</strong></h3><ul><li>2018 Annual Meeting Mobile App</li><li>First-Time Attendee Reception (held prior to Opening Reception)</li><li>Annual Meeting Lanyard</li><li>Annual Meeting Giveaway</li></ul><p><br></p><p><a href=""https://us-tdm-tso-15eb63ff4c6-1626e3c741a.force.com/CPBase__item?id=a156A0000026udeQAA"" target=""_blank"">Click here </a>to Purchase</p><p><br></p><h3><strong>Silver&nbsp;$6,000</strong></h3><ul><li>Annual Meeting Hotel Key Card</li><li>Charging Stations</li><li>Wi-Fi*</li><li>Session Tracks</li><li><em>Net Assets</em>&nbsp;Photo Booth</li><li>Headshot Booth</li></ul><p><br></p><p><a href=""https://us-tdm-tso-15eb63ff4c6-1626e3c741a.force.com/CPBase__item?id=a156A0000026udfQAA"" target=""_blank"">Click here</a> to Purchase</p><p><br></p><h3><strong>Bronze&nbsp;$4,000</strong></h3><ul><li>Breakfast (limited quantities)</li><li>AM/PM Break (limited quantities)</li><li>Fun Run</li><li>Yoga</li></ul><p><br></p><p><a href=""https://us-tdm-tso-15eb63ff4c6-1626e3c741a.force.com/CPBase__item?id=a156A0000026udgQAA"" target=""_blank"">Click here</a> to Purchase</p><h2><br></h2>",,a1iR0000001XYBxIAO
LTE:EventCustomHTML,{},a1jR0000001MZRjIAO,1,,"<p><span style=""color: rgb(38, 38, 38);"">EXPO Hall booths can be purchased by current International Association members who are fully registered for the Annual conference. Each booth includes a small number of complimentary booth badges (2 for 10x5 and 5x10 booths; 4 for 8x10 and 10x10 booths.)</span></p><p><br></p><p><img src=""https://s3.us-east-1.amazonaws.com/fonteva-customer-media/HTML_Files/oGlTUKyh_Booths_png""></p><p><br></p><p><a href=""https://us-tdm-tso-15eb63ff4c6-1626e3c741a.force.com/CPBase__store?site=a0d6A000001RhaTQAS&amp;catalog=a0s6A000006IHwl#"" target=""_blank"">Click Here</a> to purchase Booths. </p><p><br></p><p><br></p>",,a1iR0000001XYByIAO
LTE:EventSecondaryVenues,{},a1jR0000001MZReIAO,2,,,,a1iR0000001XYBzIAO
LTE:EventOverview,{},a1jR0000001MZRkIAO,1,,,,a1iR0000001XYC0IAO
